Province_State,1/22/20,1/23/20,1/24/20,1/25/20,1/26/20,1/27/20,1/28/20,1/29/20,1/30/20,1/31/20,2/1/20,2/2/20,2/3/20,2/4/20,2/5/20,2/6/20,2/7/20,2/8/20,2/9/20,2/10/20,2/11/20,2/12/20,2/13/20,2/14/20,2/15/20,2/16/20,2/17/20,2/18/20,2/19/20,2/20/20,2/21/20,2/22/20,2/23/20,2/24/20,2/25/20,2/26/20,2/27/20,2/28/20,2/29/20,3/1/20,3/2/20,3/3/20,3/4/20,3/5/20,3/6/20,3/7/20,3/8/20,3/9/20,3/10/20,3/11/20,3/12/20,3/13/20,3/14/20,3/15/20,3/16/20,3/17/20,3/18/20,3/19/20,3/20/20,3/21/20,3/22/20,3/23/20,3/24/20,3/25/20,3/26/20,3/27/20,3/28/20,3/29/20,3/30/20,3/31/20,4/1/20,4/2/20,4/3/20,4/4/20,4/5/20,4/6/20,4/7/20,4/8/20,4/9/20,4/10/20,4/11/20,4/12/20,4/13/20,4/14/20,4/15/20,4/16/20,4/17/20,4/18/20,4/19/20,4/20/20,4/21/20,4/22/20,4/23/20,4/24/20,4/25/20,4/26/20,4/27/20,4/28/20,4/29/20,4/30/20,5/1/20,5/2/20,5/3/20,5/4/20,5/5/20,5/6/20,5/7/20,5/8/20,5/9/20,5/10/20,5/11/20,5/12/20,5/13/20,5/14/20,5/15/20,5/16/20,5/17/20,5/18/20,5/19/20,5/20/20,5/21/20,5/22/20,5/23/20,5/24/20,5/25/20,5/26/20,5/27/20,5/28/20,5/29/20,5/30/20,5/31/20,6/1/20,6/2/20,6/3/20,6/4/20,6/5/20,6/6/20,6/7/20,6/8/20,6/9/20,6/10/20,6/11/20,6/12/20,6/13/20,6/14/20,6/15/20,6/16/20,6/17/20,6/18/20,6/19/20,6/20/20,6/21/20,6/22/20,6/23/20,6/24/20,6/25/20,6/26/20,6/27/20,6/28/20,6/29/20,6/30/20,7/1/20,7/2/20,7/3/20,7/4/20,7/5/20,7/6/20,7/7/20,7/8/20,7/9/20,7/10/20,7/11/20,7/12/20,7/13/20,7/14/20,7/15/20,7/16/20,7/17/20,7/18/20,7/19/20,7/20/20,7/21/20,7/22/20,7/23/20,7/24/20,7/25/20,7/26/20,7/27/20,7/28/20,7/29/20,7/30/20,7/31/20,8/1/20,8/2/20,8/3/20,8/4/20,8/5/20,8/6/20,8/7/20,8/8/20,8/9/20,8/10/20,8/11/20,8/12/20,8/13/20,8/14/20,8/15/20,8/16/20,8/17/20,8/18/20,8/19/20,8/20/20,8/21/20,8/22/20,8/23/20,8/24/20,8/25/20,8/26/20,8/27/20,8/28/20,8/29/20,8/30/20,8/31/20,9/1/20,9/2/20,9/3/20,9/4/20,9/5/20,9/6/20,9/7/20,9/8/20,9/9/20,9/10/20,9/11/20,9/12/20,9/13/20,9/14/20,9/15/20,9/16/20,9/17/20,9/18/20,9/19/20,9/20/20,9/21/20,9/22/20,9/23/20,9/24/20,9/25/20,9/26/20,9/27/20,9/28/20,9/29/20,9/30/20,10/1/20,10/2/20,10/3/20,10/4/20,10/5/20,10/6/20,10/7/20,10/8/20,10/9/20,10/10/20,10/11/20,10/12/20,10/13/20,10/14/20,10/15/20,10/16/20,10/17/20,10/18/20,10/19/20,10/20/20,10/21/20,10/22/20,10/23/20,10/24/20,10/25/20,10/26/20,10/27/20,10/28/20,10/29/20,10/30/20,10/31/20,11/1/20,11/2/20,11/3/20,11/4/20,11/5/20,11/6/20,11/7/20,11/8/20,11/9/20,11/10/20,11/11/20,11/12/20,11/13/20,11/14/20,11/15/20,11/16/20,11/17/20,11/18/20,11/19/20,11/20/20,11/21/20,11/22/20,11/23/20,11/24/20,11/25/20,11/26/20,11/27/20,11/28/20,11/29/20,11/30/20,12/1/20,12/2/20,12/3/20,12/4/20,12/5/20,12/6/20,12/7/20,12/8/20,12/9/20,12/10/20,12/11/20,12/12/20,12/13/20,12/14/20,12/15/20,12/16/20,12/17/20,12/18/20,12/19/20,12/20/20,12/21/20,12/22/20,12/23/20,12/24/20,12/25/20,12/26/20,12/27/20,12/28/20,12/29/20,12/30/20,12/31/20,1/1/21,1/2/21,1/3/21,1/4/21,1/5/21,1/6/21,1/7/21,1/8/21,1/9/21,1/10/21,1/11/21,1/12/21,1/13/21,1/14/21,1/15/21,1/16/21,1/17/21,1/18/21,1/19/21,1/20/21,1/21/21,1/22/21,1/23/21,1/24/21,1/25/21,1/26/21,1/27/21,1/28/21,1/29/21,1/30/21,1/31/21,2/1/21,2/2/21,2/3/21,2/4/21,2/5/21,2/6/21,2/7/21,2/8/21,2/9/21,2/10/21,2/11/21,2/12/21,2/13/21,2/14/21,2/15/21,2/16/21,2/17/21,2/18/21,2/19/21,2/20/21,2/21/21,2/22/21,2/23/21,2/24/21,2/25/21,2/26/21,2/27/21,2/28/21,3/1/21,3/2/21,3/3/21,3/4/21,3/5/21,3/6/21,3/7/21,3/8/21,3/9/21,3/10/21,3/11/21,3/12/21,3/13/21,3/14/21,3/15/21,3/16/21,3/17/21,3/18/21,3/19/21,3/20/21,3/21/21,3/22/21,3/23/21,3/24/21,3/25/21,3/26/21,3/27/21,3/28/21,3/29/21,3/30/21,3/31/21,4/1/21,4/2/21,4/3/21,4/4/21,4/5/21,4/6/21,4/7/21,4/8/21,4/9/21,4/10/21,4/11/21,4/12/21,4/13/21,4/14/21,4/15/21,4/16/21,4/17/21,4/18/21,4/19/21,4/20/21,4/21/21,4/22/21,4/23/21,4/24/21,4/25/21,4/26/21,4/27/21,4/28/21,4/29/21,4/30/21,5/1/21,5/2/21,5/3/21,5/4/21,5/5/21,5/6/21,5/7/21
Georgia,0,0,0,0,0,0,0,0,0,0,0,0,0,0,0,0,0,0,0,0,0,0,0,0,0,0,0,0,0,0,0,0,0,0,0,0,0,0.0,0.0,0.0,0.0,2.0,2.0,2.0,3.0,5.0,5.0,10.0,17.0,23.0,31.0,42.0,73.0,99.0,121.0,146.0,197.0,287.0,485.0,555.0,621.0,772.0,1026.0,1247.0,1525.0,2000.0,2366.0,2651.0,2808.0,3929.0,4638.0,5348.0,5831.0,6160.0,6647.0,7314.0,8822.0,9901.0,10566.0,11485.0,12159.0,12452.0,13315.0,14578.0,14987.0,15669.0,17194.0,17669.0,18301.0,19407.0,19881.0,21214.0,21883.0,22491.0,23222.0,23486.0,24302.0,24922.0,25775.0,26264.0,27489.0,28331.0,28665.0,29451.0,29998.0,30743.0,31618.0,32181.0,32588.0,33580.0,34002.0,34924.0,35427.0,35977.0,36772.0,37212.0,37579.0,38283.0,38855.0,39801.0,40663.0,41482.0,42242.0,42902.0,43400.0,43983.0,44638.0,45266.0,45881.0,46331.0,47063.0,47902.0,48207.0,48894.0,49859.0,50621.0,51359.0,51898.0,52497.0,53249.0,53980.0,54973.0,55783.0,56804.0,57681.0,58414.0,59078.0,60030.0,60912.0,62009.0,63809.0,64701.0,65928.0,67810.0,69381.0,71095.0,72995.0,74985.0,77210.0,79417.0,81291.0,84242.0,87709.0,90493.0,93319.0,95516.0,97064.0,100470.0,103890.0,106727.0,111217.0,114401.0,116935.0,120572.0,123963.0,127838.0,131287.0,135192.0,139880.0,143129.0,145582.0,148988.0,152302.0,156607.0,161420.0,165188.0,167953.0,170843.0,175052.0,178323.0,182286.0,186352.0,190012.0,193177.0,195435.0,197948.0,201713.0,204895.0,209004.0,213427.0,216596.0,219025.0,222588.0,226153.0,228668.0,231895.0,235168.0,237030.0,238861.0,241677.0,243982.0,246741.0,249630.0,252222.0,253949.0,256253.0,258354.0,260590.0,263074.0,265372.0,267758.0,268973.0,270471.0,272697.0,274613.0,277288.0,279354.0,281548.0,283199.0,283807.0,285350.0,287300.0,289123.0,290781.0,292905.0,294314.0,295337.0,296994.0,299056.0,300903.0,302854.0,305021.0,306155.0,307339.0,308294.0,310161.0,311698.0,312514.0,313873.0,314685.0,315281.0,316306.0,318026.0,319359.0,320634.0,322169.0,322925.0,323714.0,324650.0,326142.0,327407.0,329032.0,330269.0,331409.0,332311.0,333304.0,334601.0,336241.0,337850.0,339384.0,340558.0,341310.0,342438.0,343750.0,345535.0,347759.0,349605.0,350923.0,351881.0,353372.0,355025.0,356848.0,358225.0,360790.0,361982.0,362921.0,394526.0,397137.0,399625.0,402427.0,405037.0,406061.0,407333.0,411652.0,413894.0,416876.0,419870.0,422905.0,424989.0,426236.0,430571.0,433732.0,437156.0,440591.0,446804.0,449132.0,451056.0,454732.0,457909.0,461517.0,464526.0,467564.0,469516.0,471563.0,476405.0,482139.0,487978.0,494354.0,499371.0,501405.0,506690.0,512267.0,517779.0,525402.0,531593.0,538040.0,542838.0,546558.0,553995.0,560619.0,568396.0,576537.0,582300.0,587918.0,591438.0,600517.0,608290.0,618576.0,624630.0,628788.0,632299.0,636240.0,645690.0,654743.0,666452.0,677589.0,685122.0,690900.0,696063.0,706154.0,713840.0,723630.0,736926.0,748852.0,757045.0,764499.0,773692.0,782288.0,791324.0,801130.0,809663.0,815995.0,820952.0,828581.0,836649.0,844799.0,853173.0,862158.0,866911.0,870828.0,879221.0,885605.0,892957.0,899515.0,905858.0,909445.0,912479.0,917440.0,922364.0,928070.0,932912.0,937402.0,940991.0,943695.0,947416.0,950906.0,955085.0,958985.0,962808.0,964737.0,966807.0,969702.0,973247.0,976732.0,980411.0,983747.0,985505.0,987041.0,990821.0,994061.0,997388.0,1000822.0,1004187.0,1006521.0,1008660.0,1011807.0,1014542.0,1017428.0,1019509.0,1021778.0,1023487.0,1024931.0,1026692.0,1028432.0,1030146.0,1031713.0,1032967.0,1033786.0,1034763.0,1036506.0,1038550.0,1040817.0,1042417.0,1044134.0,1045694.0,1046382.0,1048173.0,1049397.0,1051361.0,1053020.0,1054430.0,1055256.0,1056421.0,1057741.0,1059548.0,1060973.0,1062555.0,1063680.0,1064554.0,1065197.0,1066671.0,1068199.0,1069689.0,1071130.0,1072700.0,1073792.0,1074731.0,1076644.0,1078379.0,1079979.0,1081629.0,1083300.0,1084272.0,1085161.0,1086473.0,1087791.0,1089497.0,1091339.0,1092852.0,1093768.0,1094580.0,1095879.0,1097279.0,1098723.0,1100187.0,1101487.0,1102789.0,1103659.0,1104837.0,1105855.0,1107068.0,1108317.0
Illinois,0,0,1,1,1,1,1,1,1,2,2,2,2,2,2,2,2,2,2,2,2,2,2,2,2,2,2,2,2,2,2,2,2,2,2,2,2,2.0,2.0,3.0,4.0,4.0,4.0,5.0,5.0,6.0,7.0,7.0,12.0,25.0,32.0,46.0,64.0,66.0,83.0,161.0,272.0,422.0,585.0,753.0,1049.0,1285.0,1537.0,1865.0,2538.0,3024.0,3491.0,4596.0,5056.0,5994.0,6980.0,7695.0,8904.0,10357.0,11259.0,12262.0,13553.0,15078.0,16422.0,17887.0,19180.0,20852.0,22025.0,23248.0,24593.0,25734.0,27578.0,29160.0,30357.0,31513.0,33059.0,35107.0,36937.0,39658.0,41777.0,43903.0,45883.0,48102.0,50358.0,52918.0,56055.0,58505.0,61499.0,63777.0,65889.0,68232.0,70871.0,73760.0,76085.0,77741.0,79007.0,83021.0,84694.0,87937.0,90369.0,92457.0,94191.0,96485.0,98030.0,100418.0,102688.0,105444.0,107796.0,110304.0,112017.0,113195.0,114306.0,115833.0,117455.0,118917.0,120260.0,121234.0,122848.0,123830.0,124759.0,125915.0,126890.0,127757.0,128415.0,129212.0,129837.0,130603.0,131198.0,131871.0,132543.0,133016.0,133639.0,134185.0,134778.0,135470.0,136104.0,136762.0,137224.0,137825.0,138540.0,139434.0,140291.0,141077.0,141723.0,142461.0,143185.0,144013.0,144882.0,145750.0,146612.0,147251.0,147865.0,149574.0,150554.0,151572.0,152899.0,154094.0,155048.0,155931.0,156638.0,157825.0,159082.0,160509.0,161785.0,162750.0,163922.0,164864.0,166475.0,168096.0,169696.0,171122.0,172663.0,173894.0,174968.0,176363.0,178135.0,180115.0,181754.0,183224.0,184522.0,185993.0,187752.0,189705.0,191808.0,193998.0,195380.0,196699.0,198248.0,199893.0,201727.0,204023.0,205851.0,207412.0,209185.0,210924.0,213220.0,215052.0,217345.0,219701.0,221594.0,223206.0,224887.0,227043.0,228750.0,231186.0,233066.0,235058.0,236724.0,238216.0,240344.0,241704.0,247298.0,250102.0,251515.0,252884.0,254276.0,255613.0,257566.0,259879.0,261999.0,263459.0,264831.0,266295.0,268238.0,270294.0,272517.0,275041.0,276443.0,277920.0,279453.0,281303.0,283559.0,286332.0,288773.0,290373.0,292082.0,293448.0,295720.0,297884.0,300340.0,302782.0,304235.0,306088.0,307705.0,310335.0,313429.0,316546.0,319451.0,322178.0,324918.0,327771.0,330637.0,334651.0,339757.0,343386.0,347631.0,350744.0,354457.0,358799.0,363740.0,368740.0,374901.0,378958.0,383687.0,387687.0,393797.0,400159.0,408648.0,416547.0,423527.0,429749.0,436265.0,443803.0,453738.0,465540.0,477978.0,487987.0,498560.0,511183.0,523840.0,536542.0,551957.0,562985.0,573616.0,585248.0,597849.0,606771.0,621383.0,634395.0,646286.0,656298.0,664620.0,674089.0,685467.0,697489.0,705063.0,712936.0,720114.0,726304.0,738846.0,748603.0,759562.0,770088.0,779975.0,787573.0,796264.0,804174.0,812430.0,823531.0,832951.0,841688.0,848904.0,856118.0,863477.0,870600.0,879428.0,886805.0,894367.0,900370.0,905069.0,911308.0,918070.0,925107.0,930849.0,934142.0,937909.0,942362.0,948006.0,955380.0,963389.0,963389.0,975352.0,979821.0,984880.0,991719.0,999288.0,1008045.0,1017322.0,1024039.0,1028750.0,1033526.0,1040168.0,1046030.0,1052682.0,1059324.0,1064667.0,1068829.0,1072214.0,1076532.0,1081354.0,1086333.0,1093375.0,1098527.0,1101819.0,1104763.0,1108430.0,1112181.0,1116372.0,1120528.0,1123873.0,1126301.0,1128613.0,1130917.0,1134231.0,1137559.0,1141219.0,1144281.0,1146346.0,1148088.0,1150170.0,1152995.0,1155833.0,1158431.0,1160523.0,1162154.0,1163574.0,1164922.0,1166717.0,1168684.0,1170902.0,1172736.0,1174330.0,1175568.0,1177241.0,1179250.0,1181144.0,1183569.0,1185367.0,1186613.0,1187757.0,1189326.0,1191440.0,1193177.0,1194629.0,1197187.0,1198257.0,1199441.0,1200938.0,1202633.0,1204323.0,1206084.0,1207757.0,1209245.0,1210032.0,1212014.0,1213668.0,1215992.0,1218387.0,1220326.0,1221775.0,1222992.0,1224804.0,1227613.0,1229806.0,1232801.0,1235485.0,1237732.0,1239502.0,1241903.0,1244499.0,1248021.0,1251255.0,1254091.0,1256533.0,1258630.0,1261577.0,1265351.0,1269078.0,1273085.0,1276724.0,1279663.0,1282114.0,1285298.0,1288844.0,1292421.0,1296267.0,1299475.0,1302134.0,1304111.0,1306690.0,1309459.0,1312620.0,1315983.0,1318887.0,1320934.0,1323069.0,1325630.0,1328349.0,1331747.0,1334955.0,1337760.0,1339621.0,1341671.0,1343875.0,1346294.0,1348067.0,1351395.0
Indiana,0,0,0,0,0,0,0,0,0,0,0,0,0,0,0,0,0,0,0,0,0,0,0,0,0,0,0,0,0,0,0,0,0,0,0,0,0,0.0,0.0,0.0,0.0,0.0,0.0,0.0,1.0,1.0,2.0,3.0,6.0,11.0,13.0,13.0,16.0,20.0,25.0,30.0,38.0,60.0,86.0,128.0,204.0,270.0,368.0,477.0,645.0,979.0,1233.0,1513.0,1786.0,2158.0,2564.0,3038.0,3437.0,3953.0,4411.0,4956.0,5510.0,5943.0,6351.0,6907.0,7435.0,7928.0,8359.0,8527.0,8960.0,9542.0,10154.0,10641.0,11211.0,11688.0,12097.0,12438.0,13039.0,13681.0,14399.0,15012.0,15961.0,16588.0,17182.0,17835.0,18630.0,19295.0,19933.0,20507.0,21033.0,21870.0,22503.0,23146.0,23732.0,24126.0,24627.0,25127.0,25473.0,26053.0,26656.0,27280.0,27778.0,28255.0,28705.0,29274.0,29936.0,30409.0,30901.0,31376.0,31715.0,32078.0,32437.0,33068.0,33558.0,34211.0,34574.0,34830.0,35237.0,35712.0,36096.0,36578.0,36997.0,37397.0,37623.0,38033.0,38337.0,38748.0,39146.0,39543.0,39909.0,40430.0,40786.0,41013.0,41438.0,41746.0,42061.0,42423.0,42633.0,42871.0,43140.0,43655.0,44140.0,44575.0,44930.0,45228.0,45594.0,45952.0,46387.0,46915.0,47432.0,48201.0,48524.0,48626.0,49063.0,49575.0,50300.0,51079.0,51612.0,52037.0,52685.0,53370.0,54080.0,54813.0,55654.0,56571.0,57206.0,57916.0,58673.0,59602.0,60598.0,61520.0,62372.0,62907.0,63678.0,64299.0,65253.0,66154.0,67122.0,67857.0,68433.0,69255.0,69975.0,71015.0,72254.0,73287.0,74328.0,74992.0,75862.0,76522.0,77565.0,78632.0,79676.0,80415.0,81006.0,81847.0,82336.0,83277.0,84317.0,85317.0,85932.0,87592.0,88421.0,89359.0,90504.0,91313.0,92434.0,93313.0,94196.0,94891.0,95750.0,96854.0,97884.0,98961.0,99804.0,100394.0,100780.0,101485.0,102243.0,103505.0,104561.0,105804.0,106540.0,107229.0,107809.0,108646.0,109683.0,110759.0,111505.0,112027.0,112626.0,113337.0,114236.0,115407.0,116549.0,117450.0,118322.0,119066.0,120019.0,121176.0,122640.0,124059.0,125146.0,125976.0,126946.0,128227.0,129677.0,131493.0,133411.0,134981.0,136555.0,138104.0,139269.0,141212.0,143495.0,145977.0,147582.0,149166.0,150664.0,152396.0,155246.0,157713.0,160454.0,162607.0,164581.0,166564.0,169112.0,172730.0,175893.0,179358.0,182108.0,185185.0,188066.0,191764.0,196176.0,200823.0,205722.0,210374.0,214509.0,219338.0,224374.0,230965.0,236565.0,244887.0,251597.0,256744.0,262207.0,268222.0,275503.0,282311.0,289183.0,295357.0,300913.0,306538.0,312521.0,318894.0,324537.0,329008.0,333312.0,338977.0,344373.0,350970.0,359430.0,367329.0,375019.0,381617.0,387278.0,392663.0,398417.0,404935.0,412135.0,419536.0,425434.0,430401.0,434642.0,440850.0,447190.0,453139.0,457871.0,464354.0,468219.0,471876.0,476538.0,482734.0,488180.0,492021.0,493841.0,496306.0,500282.0,505017.0,511485.0,517773.0,523090.0,526071.0,529688.0,533083.0,539229.0,546499.0,552594.0,558560.0,563653.0,567338.0,570477.0,574119.0,578494.0,583160.0,587049.0,590211.0,592709.0,595436.0,598313.0,601937.0,605426.0,608519.0,611039.0,613228.0,614946.0,617176.0,619995.0,622625.0,624959.0,626682.0,628391.0,629903.0,631331.0,633667.0,635171.0,637987.0,639711.0,640744.0,641874.0,643305.0,645006.0,646425.0,647657.0,648875.0,649652.0,650530.0,651453.0,652210.0,653245.0,654660.0,655541.0,656358.0,657037.0,658043.0,659127.0,660071.0,660942.0,661673.0,662213.0,662750.0,663511.0,664446.0,665285.0,666516.0,667262.0,667736.0,668308.0,669164.0,670074.0,671023.0,671859.0,672554.0,672967.0,673528.0,674430.0,675388.0,676247.0,677135.0,677905.0,678416.0,679079.0,680046.0,680998.0,682099.0,683076.0,684020.0,684733.0,685453.0,686497.0,687713.0,688916.0,689965.0,690910.0,691625.0,692240.0,693452.0,694836.0,696175.0,697533.0,698692.0,699823.0,700775.0,701971.0,703345.0,704632.0,707111.0,708067.0,708779.0,709455.0,710607.0,711787.0,712858.0,713959.0,714786.0,715468.0,716306.0,717564.0,718948.0,720425.0,721577.0,722646.0,723443.0,724214.0,725353.0,726600.0,727764.0
Iowa,0,0,0,0,0,0,0,0,0,0,0,0,0,0,0,0,0,0,0,0,0,0,0,0,0,0,0,0,0,0,0,0,0,0,0,0,0,nan,nan,nan,nan,nan,nan,nan,nan,nan,nan,nan,nan,nan,nan,nan,nan,nan,nan,nan,nan,nan,nan,nan,nan,nan,nan,nan,nan,nan,nan,nan,nan,nan,nan,nan,nan,nan,nan,nan,nan,nan,nan,nan,nan,nan,nan,nan,nan,nan,nan,nan,nan,nan,nan,nan,nan,nan,nan,nan,nan,nan,nan,nan,nan,nan,nan,nan,nan,nan,nan,nan,nan,nan,nan,nan,nan,nan,nan,nan,nan,nan,nan,nan,nan,nan,nan,nan,nan,nan,nan,nan,nan,nan,nan,nan,nan,nan,nan,nan,nan,nan,nan,nan,nan,nan,nan,nan,nan,nan,nan,nan,nan,nan,nan,nan,nan,nan,nan,nan,nan,nan,nan,nan,nan,nan,nan,nan,nan,nan,nan,nan,nan,nan,nan,nan,nan,nan,nan,nan,nan,nan,nan,nan,nan,nan,nan,nan,nan,nan,nan,nan,nan,nan,nan,nan,nan,nan,nan,nan,nan,nan,nan,nan,nan,nan,nan,nan,nan,nan,nan,nan,nan,nan,nan,nan,nan,nan,nan,nan,nan,nan,nan,nan,nan,nan,nan,nan,nan,nan,nan,nan,nan,nan,nan,nan,nan,nan,nan,nan,nan,nan,nan,nan,nan,nan,nan,nan,nan,nan,nan,nan,nan,nan,nan,nan,nan,nan,nan,nan,nan,nan,nan,nan,nan,nan,nan,nan,nan,nan,nan,nan,nan,nan,nan,nan,nan,nan,nan,nan,nan,nan,nan,nan,nan,nan,nan,nan,nan,nan,nan,nan,nan,nan,nan,nan,nan,nan,nan,nan,nan,nan,nan,nan,nan,nan,nan,nan,nan,nan,nan,nan,nan,nan,nan,nan,nan,nan,nan,nan,nan,nan,nan,nan,nan,nan,nan,nan,nan,nan,nan,nan,nan,nan,nan,nan,nan,nan,nan,nan,nan,nan,nan,nan,nan,nan,nan,nan,nan,nan,nan,nan,nan,nan,nan,nan,nan,nan,nan,nan,nan,nan,nan,nan,nan,nan,nan,nan,nan,nan,nan,nan,nan,nan,nan,nan,nan,nan,nan,nan,nan,nan,nan,nan,nan,nan,nan,nan,nan,nan,nan,nan,nan,nan,nan,nan,nan,nan,nan,nan,nan,nan,nan,nan,nan,nan,nan,nan,nan,nan,nan,nan,nan,nan,nan,nan,nan,nan,nan,nan,nan,nan,nan,nan,nan,nan,nan,nan,nan,nan,nan,nan,nan,nan,nan,nan,nan,nan,nan,nan,nan,nan,nan,nan,nan,nan,nan,nan,nan,nan,nan,nan,nan,nan,nan,nan,nan,nan,nan,nan,nan,nan,nan,nan,nan,nan,nan,nan,nan,nan,nan,nan,nan,nan,nan,nan
Arkansas,0,0,0,0,0,0,0,0,0,0,0,0,0,0,0,0,0,0,0,0,0,0,0,0,0,0,0,0,0,0,0,0,0,0,0,0,0,0.0,0.0,0.0,0.0,0.0,0.0,0.0,0.0,0.0,0.0,0.0,0.0,0.0,0.0,9.0,12.0,3.0,3.0,3.0,4.0,62.0,100.0,122.0,165.0,192.0,219.0,280.0,335.0,381.0,409.0,426.0,473.0,523.0,584.0,643.0,704.0,743.0,837.0,875.0,946.0,1000.0,1119.0,1171.0,1228.0,1280.0,1410.0,1498.0,1569.0,1620.0,1695.0,1744.0,1781.0,1973.0,1990.0,2276.0,2599.0,2810.0,2911.0,3001.0,3069.0,3127.0,3193.0,3281.0,3337.0,3372.0,3437.0,3491.0,3525.0,3611.0,3703.0,3747.0,3747.0,4012.0,4043.0,4164.0,4236.0,4366.0,4463.0,4578.0,4759.0,4813.0,4923.0,5003.0,5458.0,5612.0,5775.0,5922.0,6029.0,6180.0,6277.0,6538.0,6777.0,7013.0,7253.0,7443.0,7818.0,8067.0,8425.0,8651.0,9101.0,9426.0,9740.0,10080.0,10368.0,10816.0,11547.0,12095.0,12501.0,12917.0,13191.0,13606.0,13928.0,14631.0,15142.0,15561.0,16083.0,16678.0,17375.0,18062.0,18740.0,19310.0,19818.0,20257.0,20777.0,21197.0,22075.0,22622.0,23209.0,23814.0,24253.0,24512.0,25246.0,26052.0,26803.0,27864.0,28367.0,28939.0,29812.0,30297.0,31114.0,31762.0,32533.0,33228.0,33927.0,34655.0,35246.0,36259.0,37249.0,37981.0,38623.0,39447.0,40181.0,40968.0,41759.0,42511.0,43173.0,43810.0,44597.0,45381.0,46293.0,47028.0,48039.0,48811.0,49383.0,50028.0,50411.0,51096.0,51766.0,52392.0,51992.0,52665.0,53077.0,53487.0,54216.0,54765.0,55652.0,56199.0,56574.0,56894.0,57374.0,58023.0,58745.0,59583.0,60378.0,60856.0,61224.0,61497.0,62112.0,63081.0,64175.0,64690.0,65377.0,65727.0,66021.0,66406.0,66804.0,67911.0,69710.0,70219.0,70627.0,71497.0,72219.0,73211.0,74082.0,75160.0,75723.0,76364.0,76981.0,77963.0,79049.0,79946.0,80755.0,81242.0,82049.0,82755.0,83697.0,84821.0,85779.0,86525.0,87013.0,87430.0,88071.0,88880.0,90145.0,91312.0,92220.0,92833.0,93487.0,94167.0,95246.0,96524.0,97539.0,98422.0,99066.0,99597.0,100441.0,101596.0,102798.0,104135.0,105318.0,106115.0,106727.0,107679.0,108640.0,109712.0,110874.0,112190.0,113057.0,113641.0,114519.0,115812.0,117360.0,119230.0,120828.0,121866.0,122811.0,124235.0,126197.0,128006.0,130318.0,132166.0,133040.0,134348.0,135902.0,137617.0,139855.0,141916.0,143821.0,145173.0,146190.0,148312.0,150277.0,152625.0,153677.0,155026.0,156247.0,157359.0,159309.0,161521.0,164310.0,167137.0,169382.0,170924.0,172042.0,174325.0,176652.0,178854.0,181624.0,184252.0,185702.0,187057.0,189198.0,191504.0,194543.0,197421.0,200114.0,201650.0,203107.0,205048.0,207941.0,211145.0,213267.0,213969.0,214877.0,216528.0,219246.0,222430.0,225138.0,229442.0,231442.0,233475.0,234781.0,238888.0,242593.0,245916.0,248860.0,251746.0,255076.0,256344.0,259553.0,262020.0,264511.0,267635.0,270178.0,271154.0,272263.0,273594.0,276114.0,279220.0,281382.0,282995.0,284066.0,284702.0,287187.0,288964.0,290856.0,292563.0,294387.0,295268.0,296494.0,298004.0,300430.0,302899.0,304723.0,306064.0,306736.0,307373.0,308848.0,309940.0,311043.0,311608.0,312562.0,313028.0,313348.0,313525.0,314192.0,314445.0,314713.0,315230.0,315514.0,315759.0,316593.0,317396.0,318122.0,318638.0,319195.0,322415.0,322509.0,322949.0,323353.0,323756.0,324326.0,324653.0,324818.0,324951.0,325383.0,325700.0,326040.0,326499.0,326813.0,326943.0,327060.0,327456.0,327781.0,328045.0,328273.0,328547.0,328655.0,328707.0,328946.0,329177.0,329511.0,329695.0,329860.0,329929.0,330008.0,330186.0,330398.0,330609.0,330753.0,330970.0,331054.0,331098.0,331261.0,331505.0,331704.0,331882.0,332053.0,332153.0,332222.0,332446.0,332666.0,332949.0,333186.0,333407.0,333452.0,333511.0,333709.0,334061.0,334222.0,334458.0,334642.0,334706.0,334769.0,334998.0,335289.0,335529.0,335725.0,335968.0,336105.0,336166.0,336462.0,336760.0,336948.0,337170.0
Alabama,0,0,0,0,0,0,0,0,0,0,0,0,0,0,0,0,0,0,0,0,0,0,0,0,0,0,0,0,0,0,0,0,0,0,0,0,0,0.0,0.0,0.0,0.0,0.0,0.0,0.0,0.0,0.0,0.0,0.0,0.0,3.0,4.0,8.0,15.0,28.0,36.0,51.0,61.0,88.0,115.0,149.0,180.0,224.0,298.0,472.0,574.0,684.0,801.0,880.0,1001.0,1063.0,1175.0,1371.0,1606.0,1727.0,1905.0,2079.0,2308.0,2614.0,2954.0,3112.0,3346.0,3667.0,3870.0,4041.0,4307.0,4465.0,4557.0,4788.0,4978.0,5163.0,5404.0,5692.0,5899.0,6092.0,6274.0,6475.0,6621.0,6820.0,6979.0,7187.0,7440.0,7700.0,7977.0,8203.0,8520.0,8769.0,9115.0,9437.0,9720.0,9982.0,10262.0,10566.0,10822.0,11161.0,11494.0,11828.0,12137.0,12438.0,12825.0,13186.0,13590.0,13954.0,14328.0,14676.0,15309.0,15899.0,16263.0,16749.0,17262.0,17689.0,18200.0,18525.0,18734.0,18954.0,19262.0,19910.0,20355.0,20777.0,21268.0,21834.0,22659.0,23370.0,24405.0,25364.0,26182.0,26485.0,27034.0,27941.0,28676.0,29225.0,29683.0,30122.0,30771.0,31889.0,32878.0,33880.0,34903.0,35083.0,36503.0,37589.0,38477.0,39647.0,41340.0,42255.0,43216.0,44022.0,44932.0,46348.0,48149.0,49695.0,51329.0,52802.0,54781.0,56168.0,58284.0,60194.0,62128.0,64152.0,66181.0,67733.0,69236.0,70600.0,72594.0,74685.0,76795.0,78188.0,79948.0,81256.0,82698.0,84652.0,86664.0,88266.0,90299.0,91458.0,92502.0,93457.0,95323.0,97044.0,98895.0,99854.0,101466.0,102391.0,103485.0,104219.0,104976.0,106096.0,106926.0,107667.0,109092.0,110415.0,111696.0,112737.0,114212.0,114809.0,115485.0,116045.0,118190.0,119904.0,121041.0,122879.0,124155.0,124944.0,126500.0,127234.0,128240.0,129225.0,130373.0,130914.0,131690.0,132221.0,133005.0,134061.0,135138.0,136107.0,137166.0,137861.0,138619.0,139660.0,140423.0,141454.0,142768.0,143578.0,144325.0,145202.0,145859.0,146897.0,149263.0,150239.0,150965.0,151604.0,152350.0,153584.0,154772.0,155727.0,157402.0,158181.0,158717.0,159476.0,160485.0,161085.0,162683.0,163897.0,164698.0,165414.0,166514.0,167396.0,168620.0,169845.0,171157.0,172137.0,173002.0,174078.0,175210.0,176605.0,180437.0,182567.0,183831.0,184723.0,185938.0,187267.0,188775.0,190113.0,191932.0,193613.0,194458.0,195692.0,197504.0,198927.0,200528.0,202131.0,203518.0,204665.0,206523.0,206562.0,208637.0,210637.0,213617.0,215843.0,217822.0,219232.0,220848.0,223486.0,225910.0,228373.0,230708.0,232506.0,234080.0,236865.0,239318.0,241957.0,242874.0,244993.0,247229.0,249524.0,252900.0,256828.0,260359.0,264199.0,267589.0,269877.0,272229.0,276665.0,280187.0,284922.0,288775.0,292841.0,295631.0,297895.0,301533.0,305640.0,310335.0,315683.0,319904.0,322452.0,324832.0,329811.0,334569.0,338801.0,342426.0,343458.0,345628.0,347897.0,351804.0,356820.0,361226.0,365747.0,369458.0,371934.0,374095.0,379593.0,384184.0,389230.0,394287.0,399150.0,401900.0,404000.0,407848.0,410995.0,414583.0,417528.0,420681.0,422598.0,424028.0,426543.0,429655.0,432536.0,436087.0,439442.0,441170.0,443009.0,445909.0,449086.0,452734.0,455582.0,455582.0,459639.0,460860.0,462938.0,465056.0,467823.0,469319.0,471311.0,472423.0,473348.0,474666.0,476067.0,477570.0,478667.0,479856.0,480931.0,481605.0,482488.0,483167.0,484365.0,485212.0,485986.0,486843.0,487520.0,488973.0,490220.0,491110.0,491849.0,492683.0,493252.0,493769.0,494421.0,497154.0,498076.0,498887.0,499411.0,499819.0,500092.0,500616.0,501398.0,502263.0,502711.0,503305.0,503673.0,508229.0,508717.0,509476.0,510048.0,510579.0,511087.0,511460.0,511779.0,511789.0,512711.0,513138.0,513580.0,514072.0,514391.0,514619.0,514980.0,515388.0,515866.0,516266.0,516615.0,516809.0,516918.0,517114.0,517452.0,517916.0,518234.0,518588.0,518899.0,519071.0,520503.0,520780.0,521201.0,521623.0,522131.0,522401.0,522512.0,523955.0,524367.0,525049.0,525477.0,525898.0,526131.0,526348.0,526707.0,527083.0,527513.0,527922.0,528309.0,528597.0,528784.0,528784.0,529446.0,530011.0,530325.0
Florida,0,0,0,0,0,0,0,0,0,0,0,0,0,0,0,0,0,0,0,0,0,0,0,0,0,0,0,0,0,0,0,0,0,0,0,0,0,0.0,0.0,0.0,1.0,2.0,2.0,3.0,3.0,7.0,10.0,13.0,15.0,24.0,30.0,50.0,76.0,100.0,101.0,190.0,306.0,432.0,564.0,763.0,1004.0,1227.0,1412.0,1682.0,2357.0,2900.0,3763.0,4246.0,5473.0,6741.0,6956.0,9008.0,10268.0,11537.0,12350.0,13324.0,14545.0,15456.0,16364.0,17531.0,18494.0,19895.0,21019.0,21628.0,22511.0,23343.0,24759.0,25492.0,26314.0,27059.0,27869.0,28309.0,29648.0,30533.0,30839.0,31532.0,32138.0,32848.0,33193.0,33690.0,34728.0,35463.0,36078.0,36897.0,37439.0,38002.0,38828.0,39199.0,40001.0,40596.0,40982.0,41923.0,42402.0,43210.0,44138.0,44811.0,45588.0,46442.0,46944.0,47471.0,48675.0,49451.0,50127.0,50867.0,51746.0,52255.0,52634.0,53285.0,54497.0,55424.0,56163.0,56830.0,57447.0,58764.0,60183.0,61488.0,62758.0,63938.0,64904.0,66000.0,67371.0,69069.0,70971.0,73552.0,75568.0,77326.0,80109.0,82719.0,85926.0,89748.0,93797.0,97291.0,100217.0,103503.0,109014.0,114018.0,122960.0,132545.0,141075.0,146341.0,152434.0,158997.0,169106.0,178594.0,190052.0,200111.0,206447.0,213794.0,223783.0,232718.0,244151.0,254511.0,269811.0,282435.0,291629.0,301810.0,315775.0,327241.0,337569.0,350047.0,360394.0,369834.0,379619.0,389868.0,402312.0,414511.0,423855.0,432747.0,441977.0,451423.0,461379.0,470386.0,480028.0,487132.0,491884.0,497330.0,502739.0,510389.0,518075.0,526577.0,532806.0,536961.0,542792.0,550901.0,557137.0,563285.0,569637.0,573416.0,576094.0,579932.0,584047.0,588602.0,593286.0,597597.0,600571.0,602829.0,605502.0,608722.0,611991.0,615806.0,619003.0,621586.0,623471.0,631040.0,633442.0,637013.0,640211.0,643867.0,646431.0,648269.0,650092.0,652259.0,654731.0,658381.0,661571.0,663994.0,665730.0,668846.0,671201.0,674456.0,677660.0,681233.0,683754.0,685439.0,687909.0,690499.0,693040.0,695887.0,698682.0,700564.0,701302.0,704568.0,706516.0,709144.0,711804.0,714591.0,716459.0,717874.0,720125.0,722707.0,726013.0,728921.0,728921.0,734491.0,736024.0,738749.0,741632.0,744988.0,748437.0,752481.0,755020.0,756727.0,760389.0,762533.0,768091.0,771780.0,776251.0,778636.0,782013.0,786311.0,790426.0,794624.0,800216.0,802547.0,807412.0,812063.0,816700.0,821123.0,827380.0,832625.0,837077.0,843897.0,847821.0,852174.0,858012.0,863619.0,870552.0,875096.0,885201.0,889864.0,897323.0,905248.0,914333.0,923418.0,931827.0,938414.0,944745.0,953300.0,961676.0,961676.0,979020.0,985297.0,992660.0,999319.0,1008166.0,1018160.0,1029030.0,1039207.0,1049638.0,1058074.0,1065785.0,1073770.0,1083362.0,1094697.0,1106396.0,1116973.0,1125931.0,1134383.0,1143794.0,1155335.0,1168483.0,1181483.0,1193165.0,1201566.0,1212581.0,1223015.0,1234399.0,1247546.0,1247546.0,1264588.0,1271979.0,1280177.0,1292252.0,1306123.0,1323315.0,1323315.0,1354833.0,1365436.0,1376692.0,1392123.0,1409906.0,1429722.0,1449252.0,1464697.0,1477010.0,1488586.0,1503482.0,1517472.0,1531192.0,1548067.0,1560186.0,1571279.0,1579281.0,1589097.0,1601011.0,1613884.0,1627603.0,1639914.0,1649449.0,1658169.0,1667763.0,1676171.0,1687594.0,1698570.0,1713589.0,1721377.0,1727107.0,1737640.0,1744619.0,1752330.0,1763873.0,1771359.0,1777983.0,1783720.0,1790743.0,1798280.0,1806805.0,1814422.0,1821937.0,1827373.0,1830988.0,1837285.0,1844627.0,1849744.0,1856427.0,1863707.0,1868772.0,1872923.0,1878533.0,1885661.0,1892301.0,1898223.0,1903682.0,1909221.0,1910921.0,1918100.0,1924114.0,1930232.0,1936207.0,1940897.0,1944995.0,1948307.0,1952733.0,1957586.0,1962651.0,1967865.0,1973109.0,1976808.0,1979634.0,1984425.0,1989024.0,1994117.0,1999257.0,2004362.0,2008349.0,2011211.0,2016513.0,2021656.0,2027429.0,2033179.0,2039062.0,2044005.0,2047379.0,2052441.0,2057735.0,2064525.0,2071015.0,2077032.0,2081826.0,2085306.0,2090862.0,2096747.0,2104686.0,2111807.0,2118713.0,2124233.0,2125846.0,2134914.0,2141686.0,2148448.0,2155744.0,2162067.0,2168901.0,2173138.0,2178783.0,2184354.0,2191038.0,2196502.0,2203913.0,2208584.0,2212097.0,2217368.0,2222546.0,2228212.0,2233518.0,2238937.0,2242778.0,2245853.0,2249535.0,2253929.0,2258433.0,2262598.0
Colorado,0,0,0,0,0,0,0,0,0,0,0,0,0,0,0,0,0,0,0,0,0,0,0,0,0,0,0,0,0,0,0,0,0,0,0,0,0,0.0,0.0,0.0,0.0,0.0,0.0,2.0,8.0,8.0,8.0,12.0,17.0,34.0,49.0,78.0,103.0,136.0,161.0,183.0,216.0,278.0,364.0,475.0,595.0,723.0,912.0,1087.0,1430.0,1738.0,2061.0,2308.0,2627.0,2966.0,3342.0,3728.0,4173.0,4565.0,4950.0,5183.0,5429.0,5655.0,6202.0,6513.0,6893.0,7307.0,7696.0,7950.0,8280.0,8675.0,9047.0,9440.0,9730.0,10112.0,10473.0,10891.0,11278.0,12256.0,12968.0,13441.0,13879.0,14316.0,14758.0,15284.0,15793.0,16225.0,16635.0,16918.0,17367.0,17832.0,18370.0,18827.0,19375.0,19703.0,19879.0,20157.0,20475.0,20838.0,21232.0,21633.0,21938.0,22202.0,22482.0,22797.0,23191.0,23487.0,23964.0,24174.0,24269.0,24565.0,24767.0,25121.0,25612.0,26098.0,26378.0,26577.0,26788.0,27060.0,27360.0,27615.0,27848.0,28001.0,28183.0,28347.0,28499.0,28647.0,28822.0,29017.0,29130.0,29299.0,29442.0,29671.0,29901.0,30187.0,30348.0,30539.0,30705.0,30893.0,31155.0,31479.0,31796.0,32022.0,32307.0,32511.0,32715.0,33029.0,33352.0,33612.0,33866.0,34065.0,34257.0,34664.0,35116.0,35525.0,36191.0,36591.0,36913.0,37236.0,37686.0,38155.0,38726.0,39344.0,39788.0,40142.0,40566.0,41059.0,41698.0,42313.0,42980.0,43789.0,44336.0,44565.0,45314.0,45796.0,46204.0,46809.0,47267.0,47727.0,47968.0,48394.0,48988.0,49436.0,49893.0,50324.0,50660.0,51038.0,51441.0,51756.0,52219.0,52538.0,52838.0,53176.0,53370.0,53631.0,53901.0,54230.0,54230.0,54883.0,55143.0,55341.0,55800.0,55993.0,56343.0,56773.0,57040.0,57223.0,57424.0,57775.0,58019.0,58287.0,58287.0,58986.0,59271.0,59484.0,59671.0,59911.0,60175.0,60482.0,60896.0,61313.0,61687.0,62099.0,62686.0,63145.0,63750.0,64356.0,64857.0,65399.0,66053.0,66669.0,67217.0,67926.0,68510.0,69079.0,69490.0,70025.0,70536.0,71218.0,71898.0,72555.0,73076.0,73537.0,74191.0,74922.0,75785.0,76619.0,77642.0,78461.0,79037.0,80085.0,80777.0,81918.0,83230.0,84369.0,85302.0,86374.0,87582.0,88849.0,90222.0,91572.0,93400.0,95089.0,97300.0,98733.0,100208.0,102014.0,104426.0,107350.0,109910.0,112147.0,114709.0,117637.0,121006.0,124469.0,127967.0,130984.0,134537.0,138427.0,142402.0,147599.0,154038.0,159234.0,163417.0,167713.0,172044.0,176694.0,182801.0,188566.0,194679.0,198600.0,202289.0,206439.0,210630.0,216683.0,220953.0,225283.0,228772.0,232905.0,237310.0,241172.0,247209.0,252222.0,257347.0,260581.0,264618.0,268589.0,272346.0,276995.0,281673.0,285634.0,288193.0,291104.0,293382.0,296716.0,300414.0,304107.0,306598.0,308890.0,311036.0,313552.0,316500.0,319530.0,322189.0,323619.0,325018.0,326668.0,328408.0,330859.0,334097.0,337161.0,339172.0,341250.0,343435.0,346893.0,349450.0,352923.0,356110.0,358947.0,361148.0,362825.0,364336.0,366774.0,369177.0,371458.0,373483.0,374981.0,376171.0,377856.0,379227.0,381210.0,383008.0,384966.0,386285.0,387500.0,388620.0,390296.0,391737.0,393459.0,395019.0,396185.0,397101.0,398037.0,399267.0,400851.0,402754.0,404256.0,405330.0,406276.0,407210.0,407961.0,409683.0,411774.0,412983.0,413836.0,414369.0,415037.0,416174.0,417415.0,418695.0,419812.0,420614.0,421294.0,422390.0,423558.0,424677.0,426198.0,427462.0,428303.0,429839.0,430615.0,431670.0,433021.0,434654.0,435762.0,436612.0,437187.0,438025.0,439265.0,440220.0,441511.0,442753.0,443968.0,444390.0,444712.0,445338.0,446580.0,448362.0,449828.0,450630.0,450934.0,452304.0,453520.0,454893.0,456302.0,457597.0,458554.0,459361.0,460318.0,462081.0,463685.0,465330.0,466901.0,468121.0,468988.0,470254.0,472168.0,474053.0,475989.0,477443.0,478678.0,479590.0,481494.0,483820.0,485318.0,487578.0,489028.0,490289.0,491066.0,493029.0,494521.0,496882.0,498758.0,500675.0,502242.0,503254.0,505268.0,506405.0,509194.0,510966.0,512804.0,513765.0,514721.0,516240.0,517851.0,519414.0,520816.0
California,0,0,0,0,2,2,2,2,2,3,3,3,6,6,6,6,6,6,6,6,7,7,8,8,8,8,8,8,8,8,10,10,10,10,10,10,11,11.0,12.0,12.0,21.0,25.0,35.0,51.0,59.0,81.0,95.0,101.0,144.0,178.0,221.0,281.0,372.0,373.0,557.0,700.0,831.0,1009.0,1243.0,1412.0,1651.0,2113.0,2542.0,3009.0,3910.0,4679.0,5110.0,5863.0,7155.0,8233.0,9431.0,10809.0,12044.0,12839.0,15035.0,16041.0,17369.0,18934.0,19745.0,21120.0,21720.0,22810.0,23959.0,25460.0,26719.0,27687.0,29470.0,30805.0,31660.0,33946.0,35793.0,37739.0,39946.0,41803.0,42771.0,43888.0,45387.0,46714.0,49310.0,50712.0,52536.0,53833.0,55323.0,56419.0,59039.0,61245.0,62869.0,64564.0,67285.0,68231.0,70039.0,71770.0,73603.0,75580.0,77427.0,79471.0,80809.0,82320.0,84635.0,86839.0,88951.0,91239.0,93404.0,94818.0,97152.0,100312.0,102035.0,104893.0,107723.0,110937.0,112919.0,115688.0,118292.0,120583.0,123516.0,127034.0,129748.0,131811.0,135114.0,138188.0,141313.0,145086.0,148434.0,151901.0,154061.0,157620.0,161149.0,165425.0,170343.0,174428.0,178876.0,182137.0,188948.0,196541.0,201863.0,207480.0,213752.0,217720.0,222821.0,231578.0,239724.0,247317.0,255494.0,259664.0,261909.0,273416.0,279891.0,292859.0,301140.0,310753.0,319276.0,326299.0,331786.0,340931.0,353610.0,362293.0,372098.0,381075.0,388450.0,394389.0,405371.0,416450.0,428241.0,437338.0,446585.0,452831.0,458288.0,464577.0,477355.0,491537.0,499519.0,507206.0,513078.0,518282.0,522847.0,532850.0,537165.0,547639.0,553552.0,560936.0,566043.0,579653.0,585315.0,596862.0,602811.0,617459.0,622431.0,627796.0,633339.0,641991.0,651034.0,656039.0,662673.0,667844.0,672608.0,678638.0,684221.0,689783.0,694617.0,699912.0,704311.0,708033.0,714572.0,717815.0,723371.0,728355.0,733034.0,737632.0,740883.0,743002.0,746375.0,749453.0,752958.0,756997.0,760938.0,763711.0,767310.0,770342.0,773866.0,777545.0,782010.0,785766.0,788552.0,792524.0,795593.0,799100.0,802438.0,806606.0,810373.0,812649.0,815576.0,818727.0,822246.0,825397.0,829328.0,832666.0,835627.0,838511.0,841372.0,845181.0,848654.0,852535.0,855787.0,858460.0,861269.0,864779.0,868727.0,871801.0,875002.0,877459.0,879455.0,883478.0,887581.0,890889.0,897337.0,902941.0,907637.0,910475.0,914421.0,918894.0,923355.0,927754.0,932233.0,936325.0,940200.0,945821.0,950944.0,956520.0,963049.0,969497.0,974535.0,980738.0,987844.0,996453.0,1001880.0,1011951.0,1021804.0,1030034.0,1038776.0,1050688.0,1062095.0,1074204.0,1088201.0,1101494.0,1115122.0,1123987.0,1141930.0,1159318.0,1173797.0,1181614.0,1198409.0,1212263.0,1226219.0,1244952.0,1262927.0,1282173.0,1305611.0,1330683.0,1356263.0,1383556.0,1412484.0,1440537.0,1473446.0,1509057.0,1546199.0,1575719.0,1607328.0,1632907.0,1675929.0,1738097.0,1784859.0,1833771.0,1869881.0,1909406.0,1954347.0,1990644.0,2035301.0,2068468.0,2085231.0,2144654.0,2178934.0,2222669.0,2258759.0,2291414.0,2325599.0,2365024.0,2415246.0,2452262.0,2490518.0,2529480.0,2567843.0,2609088.0,2653925.0,2704483.0,2744008.0,2784716.0,2832085.0,2870104.0,2910044.0,2948054.0,2983149.0,3014428.0,3043005.0,3078551.0,3097632.0,3122705.0,3147207.0,3168028.0,3187475.0,3213222.0,3235045.0,3251292.0,3273905.0,3293531.0,3310949.0,3324264.0,3342647.0,3355781.0,3368281.0,3382932.0,3399745.0,3408241.0,3417982.0,3432088.0,3442672.0,3451176.0,3461753.0,3471311.0,3480228.0,3485841.0,3491392.0,3499871.0,3506402.0,3512396.0,3521225.0,3527338.0,3531846.0,3536946.0,3543340.0,3549090.0,3554629.0,3559682.0,3564094.0,3567582.0,3573549.0,3577966.0,3582320.0,3587567.0,3592560.0,3596760.0,3599311.0,3602445.0,3607891.0,3611295.0,3614852.0,3618976.0,3620890.0,3623063.0,3626027.0,3628300.0,3631572.0,3635179.0,3638212.0,3640524.0,3641876.0,3645303.0,3647808.0,3650638.0,3653168.0,3656610.0,3658714.0,3660713.0,3663913.0,3666266.0,3668745.0,3671349.0,3675191.0,3676183.0,3676873.0,3682861.0,3685045.0,3687493.0,3690031.0,3693674.0,3696980.0,3700471.0,3704070.0,3706629.0,3708716.0,3711723.0,3714587.0,3716579.0,3718210.0,3720901.0,3723446.0,3725088.0,3727913.0,3729116.0,3731145.0,3731770.0,3734562.0,3736745.0,3738327.0,3740038.0,3742115.0,3743681.0,3744937.0,3747337.0,3749580.0,3750644.0,3753173.0,3755869.0
Idaho,0,0,0,0,0,0,0,0,0,0,0,0,0,0,0,0,0,0,0,0,0,0,0,0,0,0,0,0,0,0,0,0,0,0,0,0,0,0.0,0.0,0.0,0.0,0.0,0.0,0.0,0.0,0.0,0.0,0.0,0.0,0.0,0.0,1.0,2.0,4.0,4.0,8.0,9.0,23.0,36.0,42.0,42.0,68.0,81.0,91.0,146.0,205.0,234.0,281.0,340.0,515.0,566.0,776.0,891.0,1022.0,1078.0,1101.0,1170.0,1210.0,1232.0,1354.0,1396.0,1407.0,1426.0,1464.0,1473.0,1587.0,1609.0,1655.0,1668.0,1672.0,1736.0,1766.0,1836.0,1870.0,1887.0,1897.0,1897.0,1952.0,1952.0,1984.0,2015.0,2061.0,2061.0,2106.0,2127.0,2158.0,2178.0,2178.0,2205.0,2230.0,2260.0,2293.0,2293.0,2351.0,2351.0,2419.0,2419.0,2455.0,2455.0,2506.0,2506.0,2595.0,2595.0,2626.0,2626.0,2626.0,2699.0,2770.0,2770.0,2803.0,2839.0,2839.0,2933.0,2933.0,2990.0,3111.0,3139.0,3139.0,3189.0,3221.0,3260.0,3260.0,3353.0,3353.0,3399.0,3399.0,3462.0,3632.0,3743.0,3871.0,4004.0,4006.0,4256.0,4254.0,4402.0,4865.0,4865.0,5322.0,5322.0,5752.0,6117.0,6370.0,6593.0,6994.0,7370.0,7733.0,8052.0,8539.0,8969.0,9429.0,9929.0,10506.0,10903.0,11404.0,11720.0,12449.0,13134.0,13753.0,14303.0,14874.0,15268.0,15823.0,16322.0,16737.0,17265.0,17826.0,18178.0,18692.0,19220.0,19674.0,20242.0,20716.0,21110.0,21110.0,21670.0,22236.0,22708.0,23401.0,23925.0,24497.0,24675.0,25104.0,25598.0,26134.0,26629.0,27171.0,27475.0,27656.0,27937.0,28321.0,28680.0,29110.0,29364.0,29659.0,29845.0,30057.0,30465.0,30771.0,31113.0,31376.0,31668.0,31858.0,32081.0,32353.0,32664.0,32927.0,33193.0,33474.0,33664.0,33738.0,33978.0,34300.0,34617.0,34950.0,35167.0,35279.0,35532.0,35810.0,36093.0,36489.0,36959.0,37247.0,37491.0,37901.0,38347.0,38743.0,39234.0,39757.0,40296.0,40501.0,40923.0,41434.0,42048.0,42561.0,43238.0,43702.0,43964.0,44422.0,45082.0,45753.0,46426.0,47088.0,47701.0,48066.0,48663.0,49247.0,49892.0,50610.0,51704.0,52582.0,53092.0,53790.0,54663.0,55650.0,56600.0,57673.0,58694.0,59344.0,60041.0,60923.0,61785.0,62746.0,63810.0,64608.0,65088.0,65845.0,67024.0,68314.0,69579.0,70909.0,72312.0,72961.0,74227.0,75428.0,77121.0,78279.0,79798.0,81317.0,82245.0,83344.0,85125.0,86435.0,87978.0,89764.0,90834.0,91653.0,93090.0,94730.0,96503.0,96503.0,98500.0,99660.0,100484.0,101698.0,103305.0,104734.0,106455.0,108366.0,109705.0,110510.0,111893.0,113905.0,116203.0,118028.0,119610.0,120632.0,121179.0,122217.0,124019.0,125452.0,126878.0,128218.0,129069.0,129960.0,130877.0,132594.0,133985.0,135233.0,135233.0,135787.0,136215.0,137010.0,138524.0,139864.0,141077.0,141077.0,142199.0,142507.0,143305.0,144843.0,146106.0,147173.0,148258.0,149235.0,149667.0,150239.0,151273.0,152364.0,153358.0,154470.0,155276.0,155554.0,155554.0,156778.0,157588.0,158200.0,158798.0,159325.0,159506.0,160033.0,160592.0,161212.0,161720.0,162355.0,162683.0,162683.0,163165.0,163656.0,164163.0,164565.0,164969.0,165209.0,165209.0,165658.0,166095.0,166553.0,166876.0,167225.0,167483.0,167483.0,167483.0,167945.0,168353.0,168639.0,168953.0,169150.0,169150.0,169584.0,169866.0,170289.0,170595.0,170907.0,171140.0,171140.0,171462.0,171836.0,172288.0,172587.0,172827.0,172931.0,172931.0,173309.0,173790.0,174246.0,174610.0,174943.0,175236.0,175236.0,175657.0,176007.0,176461.0,176802.0,177185.0,177420.0,177420.0,177760.0,178119.0,178544.0,178887.0,179204.0,179428.0,179428.0,179763.0,180076.0,180536.0,180897.0,181181.0,181181.0,181181.0,181836.0,182182.0,182531.0,182841.0,183153.0,183153.0,183153.0,183691.0,183910.0,184347.0,184557.0,184769.0,184769.0,184769.0,185227.0,185465.0,185759.0,185993.0,186183.0,186183.0,186183.0,186725.0,187014.0,187269.0,187479.0,187656.0,187656.0,187656.0,188024.0,188233.0,188435.0,188601.0,188788.0
Alaska,0,0,0,0,0,0,0,0,0,0,0,0,0,0,0,0,0,0,0,0,0,0,0,0,0,0,0,0,0,0,0,0,0,0,0,0,0,0.0,0.0,0.0,0.0,0.0,0.0,0.0,0.0,0.0,0.0,0.0,0.0,0.0,0.0,1.0,1.0,1.0,1.0,4.0,9.0,12.0,15.0,16.0,26.0,39.0,43.0,50.0,64.0,75.0,92.0,111.0,119.0,129.0,142.0,150.0,161.0,172.0,187.0,193.0,215.0,228.0,238.0,249.0,261.0,276.0,281.0,289.0,297.0,305.0,314.0,319.0,324.0,326.0,334.0,340.0,342.0,344.0,344.0,346.0,350.0,356.0,360.0,360.0,369.0,370.0,373.0,375.0,376.0,378.0,380.0,383.0,385.0,386.0,388.0,390.0,391.0,396.0,398.0,403.0,408.0,411.0,411.0,416.0,416.0,419.0,423.0,423.0,426.0,430.0,431.0,444.0,450.0,455.0,484.0,492.0,512.0,541.0,559.0,572.0,586.0,595.0,614.0,627.0,649.0,676.0,697.0,731.0,743.0,747.0,761.0,786.0,806.0,833.0,856.0,870.0,883.0,915.0,940.0,982.0,1012.0,1039.0,1070.0,1096.0,1142.0,1184.0,1235.0,1296.0,1350.0,1382.0,1411.0,1435.0,1485.0,1537.0,1591.0,1683.0,1784.0,1857.0,1918.0,1974.0,2053.0,2104.0,2179.0,2297.0,2436.0,2551.0,2651.0,2728.0,2795.0,2912.0,3143.0,3258.0,3391.0,3483.0,3607.0,3716.0,3868.0,4013.0,4091.0,4160.0,4220.0,4265.0,4335.0,4420.0,4523.0,4589.0,4650.0,4711.0,4812.0,4917.0,5005.0,5106.0,5157.0,5228.0,5305.0,5393.0,5461.0,5552.0,5619.0,5690.0,5726.0,5781.0,5870.0,5989.0,6085.0,6134.0,6172.0,6208.0,6276.0,6366.0,6491.0,6581.0,6678.0,6713.0,6747.0,6812.0,6927.0,7024.0,7128.0,7190.0,7267.0,7311.0,7363.0,7475.0,7586.0,7682.0,7789.0,7860.0,7920.0,7997.0,8140.0,8267.0,8387.0,8498.0,8617.0,8738.0,8846.0,8984.0,9129.0,9269.0,9412.0,9611.0,9762.0,9887.0,10025.0,10214.0,10449.0,10697.0,10896.0,11053.0,11222.0,11396.0,11616.0,11825.0,12040.0,12247.0,12480.0,12705.0,12940.0,13193.0,13553.0,14075.0,14424.0,14803.0,15160.0,15531.0,15913.0,16365.0,16709.0,17063.0,17455.0,17868.0,18182.0,18712.0,19316.0,19834.0,20309.0,20839.0,21338.0,21825.0,22418.0,23162.0,23826.0,24414.0,25056.0,25602.0,26100.0,26561.0,27242.0,27797.0,28296.0,28883.0,29563.0,30121.0,30796.0,31467.0,32087.0,32598.0,33139.0,33828.0,34592.0,35354.0,36296.0,37062.0,37562.0,38141.0,38736.0,39373.0,40000.0,40522.0,41169.0,41599.0,41891.0,42498.0,42883.0,43377.0,43713.0,43896.0,44050.0,44485.0,44852.0,45122.0,45122.0,45497.0,45800.0,45930.0,46123.0,46504.0,47014.0,47019.0,47821.0,48118.0,48382.0,48582.0,48922.0,49255.0,49660.0,49979.0,50238.0,50413.0,50544.0,50840.0,51185.0,51485.0,51678.0,51959.0,52113.0,52243.0,52413.0,52627.0,52926.0,53175.0,53336.0,53421.0,53510.0,53692.0,53876.0,54063.0,54218.0,54350.0,54457.0,54596.0,54820.0,55004.0,55258.0,55261.0,55261.0,55766.0,55891.0,56096.0,56254.0,56409.0,56410.0,56411.0,56411.0,56912.0,56975.0,57192.0,57404.0,57406.0,57406.0,57751.0,57808.0,57996.0,58179.0,58291.0,58295.0,58296.0,58681.0,58838.0,59035.0,59185.0,59334.0,59334.0,59335.0,59677.0,59766.0,59921.0,60157.0,60266.0,60266.0,60267.0,60655.0,60758.0,60934.0,61091.0,61162.0,61165.0,61165.0,61517.0,61694.0,61914.0,62063.0,62255.0,62263.0,62264.0,62265.0,62901.0,62901.0,63298.0,63501.0,63501.0,63501.0,64001.0,64081.0,64303.0,64531.0,64782.0,64782.0,64782.0,65180.0,65336.0,65536.0,65730.0,65921.0,65921.0,65921.0,66370.0,66479.0,66680.0,66909.0,67059.0,67059.0,67059.0,67509.0,67647.0,67834.0,68002.0,68148.0,68148.0,68148.0,68426.0,68518.0,68666.0,68762.0,68880.0
Arizona,0,0,0,0,1,1,1,1,1,1,1,1,1,1,1,1,1,1,1,1,1,1,1,1,1,1,1,1,1,1,1,1,1,1,1,1,1,1.0,1.0,1.0,1.0,1.0,1.0,1.0,2.0,4.0,4.0,4.0,6.0,9.0,9.0,9.0,12.0,12.0,18.0,20.0,27.0,45.0,68.0,104.0,152.0,235.0,326.0,401.0,508.0,665.0,773.0,919.0,1157.0,1289.0,1413.0,1596.0,1769.0,2019.0,2269.0,2460.0,2575.0,2726.0,3018.0,3112.0,3393.0,3542.0,3705.0,3809.0,3964.0,4237.0,4511.0,4724.0,4933.0,5068.0,5256.0,5473.0,5772.0,6045.0,6286.0,6534.0,6725.0,6955.0,7209.0,7655.0,7969.0,8364.0,8640.0,8924.0,9305.0,9707.0,9945.0,10526.0,10960.0,11119.0,11383.0,11736.0,12216.0,12674.0,13169.0,13666.0,13945.0,14208.0,14576.0,14906.0,15348.0,15624.0,16053.0,16377.0,16575.0,16864.0,17318.0,17877.0,18472.0,19258.0,19936.0,20129.0,21264.0,22356.0,22886.0,24439.0,25451.0,26989.0,27678.0,28296.0,29852.0,31267.0,33039.0,34660.0,35706.0,36844.0,39185.0,40937.0,43445.0,46910.0,50127.0,52591.0,54599.0,58378.0,60190.0,63281.0,66659.0,70124.0,73920.0,74545.0,79228.0,84105.0,87445.0,91872.0,94567.0,98103.0,101455.0,105094.0,108614.0,112671.0,116892.0,119930.0,122467.0,123824.0,128097.0,131354.0,134613.0,138523.0,141265.0,143624.0,145183.0,148683.0,150609.0,152944.0,156301.0,160041.0,162014.0,163827.0,165934.0,168273.0,170798.0,174010.0,177002.0,178467.0,179497.0,180505.0,182203.0,183656.0,185053.0,186107.0,186923.0,187523.0,188737.0,189443.0,190794.0,191721.0,192654.0,193537.0,194005.0,194920.0,195557.0,196280.0,196899.0,197895.0,198103.0,198414.0,199273.0,199459.0,200139.0,200658.0,201287.0,201661.0,201835.0,202342.0,202861.0,203953.0,204681.0,205517.0,205767.0,205964.0,206045.0,206541.0,207002.0,207523.0,208128.0,208512.0,208725.0,209209.0,209907.0,211660.0,212942.0,213551.0,214021.0,214251.0,214846.0,215284.0,215852.0,216367.0,216826.0,217237.0,217510.0,218184.0,218507.0,219212.0,219763.0,220399.0,220754.0,221070.0,221934.0,222538.0,223401.0,224084.0,224978.0,225575.0,226050.0,226734.0,227635.0,228748.0,229486.0,230459.0,231149.0,231897.0,232937.0,233912.0,234906.0,235882.0,236772.0,238163.0,238964.0,240122.0,241165.0,242480.0,244045.0,245946.0,247473.0,248139.0,249818.0,250633.0,252768.0,254764.0,257384.0,259264.0,259699.0,263133.0,265163.0,266562.0,269577.0,273053.0,275436.0,276912.0,279896.0,283102.0,287225.0,291696.0,295334.0,299665.0,302324.0,306868.0,310850.0,314324.0,318638.0,322774.0,325995.0,326817.0,337139.0,340979.0,346421.0,352101.0,358900.0,364276.0,365843.0,378157.0,382601.0,387529.0,394512.0,402589.0,408442.0,420248.0,424382.0,429219.0,435036.0,442671.0,448231.0,453597.0,461345.0,467215.0,473273.0,480319.0,486935.0,493041.0,494337.0,504423.0,507222.0,512489.0,520207.0,530267.0,539150.0,556384.0,561542.0,567474.0,574680.0,584593.0,596251.0,607345.0,618546.0,627541.0,636100.0,641729.0,649040.0,658186.0,666901.0,673882.0,679282.0,685699.0,690544.0,699942.0,708041.0,715357.0,722574.0,727895.0,732643.0,738561.0,743232.0,748260.0,753379.0,758404.0,762145.0,765083.0,767379.0,771796.0,775622.0,779093.0,780637.0,782887.0,787268.0,789245.0,791106.0,793532.0,795323.0,797270.0,798608.0,799740.0,801055.0,802198.0,804116.0,806163.0,807967.0,809474.0,810658.0,811968.0,812907.0,814528.0,815707.0,816782.0,817821.0,818670.0,819954.0,821108.0,823384.0,825119.0,826454.0,827237.0,827800.0,828630.0,830655.0,831832.0,832094.0,832743.0,833381.0,833878.0,834323.0,834607.0,835030.0,835765.0,836253.0,836737.0,837244.0,837849.0,837987.0,838558.0,839334.0,839888.0,840492.0,841078.0,841811.0,842192.0,843132.0,843838.0,844302.0,844910.0,845480.0,846230.0,846900.0,848202.0,849021.0,849561.0,850236.0,850846.0,851265.0,851725.0,852570.0,853050.0,853761.0,854453.0,855155.0,855804.0,856451.0,857347.0,858076.0,858737.0,859487.0,860169.0,860772.0,861653.0,862497.0,863571.0,863927.0,864579.0,865280.0,866022.0,866623.0,867443.0
Connecticut,0,0,0,0,0,0,0,0,0,0,0,0,0,0,0,0,0,0,0,0,0,0,0,0,0,0,0,0,0,0,0,0,0,0,0,0,0,0.0,0.0,0.0,0.0,0.0,0.0,0.0,0.0,0.0,0.0,0.0,1.0,3.0,5.0,11.0,23.0,24.0,41.0,68.0,96.0,159.0,194.0,194.0,327.0,415.0,618.0,875.0,1012.0,1291.0,1524.0,1993.0,2571.0,3128.0,3557.0,3824.0,4914.0,5276.0,5675.0,6906.0,7781.0,7781.0,9784.0,10538.0,11510.0,12035.0,13381.0,13989.0,14755.0,15884.0,16809.0,17550.0,17962.0,19815.0,20360.0,22469.0,23100.0,23936.0,24583.0,25269.0,25997.0,26312.0,26767.0,27700.0,28764.0,29287.0,29287.0,29973.0,30621.0,30995.0,31784.0,32411.0,32984.0,33554.0,33765.0,34333.0,34855.0,35464.0,36085.0,36703.0,37419.0,38116.0,38430.0,39017.0,39208.0,39640.0,40022.0,40468.0,40873.0,41303.0,41288.0,41559.0,41762.0,42022.0,42201.0,42740.0,42979.0,43091.0,43239.0,43460.0,43818.0,43968.0,44092.0,44179.0,44347.0,44461.0,44689.0,44994.0,45088.0,45235.0,45349.0,45429.0,45440.0,45557.0,45715.0,45755.0,45782.0,45899.0,45913.0,45994.0,46059.0,46206.0,46303.0,46362.0,46514.0,46572.0,46646.0,46717.0,46717.0,46717.0,46976.0,47033.0,47108.0,47209.0,47287.0,47287.0,47287.0,47510.0,47530.0,47636.0,47750.0,47893.0,47893.0,47893.0,48055.0,48096.0,48223.0,48232.0,48776.0,48776.0,48776.0,48983.0,49077.0,49540.0,49670.0,49810.0,49810.0,49810.0,50062.0,50110.0,50225.0,50245.0,50320.0,50320.0,50320.0,50567.0,50684.0,50706.0,50782.0,50897.0,50897.0,50897.0,51267.0,51255.0,51314.0,51432.0,51519.0,51519.0,51519.0,52011.0,52040.0,52220.0,52350.0,52495.0,52495.0,52495.0,52879.0,53006.0,53108.0,53209.0,53365.0,53365.0,53365.0,53365.0,53782.0,53871.0,54093.0,54326.0,54326.0,54326.0,54895.0,55031.0,55166.0,55386.0,55527.0,55527.0,55527.0,56024.0,56160.0,56315.0,56472.0,56587.0,56587.0,56587.0,57147.0,57329.0,57550.0,57742.0,58297.0,58297.0,58297.0,59120.0,59241.0,59364.0,59748.0,60038.0,60038.0,60038.0,61377.0,61697.0,61861.0,62028.0,62830.0,62830.0,62830.0,64021.0,64455.0,64871.0,65373.0,66052.0,66052.0,66052.0,68099.0,68637.0,69127.0,70446.0,71207.0,71207.0,71207.0,73858.0,74843.0,75373.0,77060.0,78125.0,78125.0,78125.0,81432.0,82953.0,84741.0,85899.0,88645.0,88645.0,88645.0,93284.0,94986.0,97028.0,99381.0,101469.0,101469.0,101469.0,106740.0,107280.0,109152.0,109152.0,112581.0,112581.0,112581.0,117295.0,118754.0,121426.0,126177.0,127715.0,127715.0,127715.0,135844.0,138258.0,140548.0,142979.0,146761.0,146761.0,146761.0,153992.0,155462.0,157781.0,160102.0,162782.0,162782.0,162782.0,167377.0,168960.0,170705.0,172743.0,172743.0,172743.0,172743.0,181200.0,181967.0,183663.0,185708.0,185708.0,190120.0,190120.0,194636.0,196968.0,199454.0,202758.0,205994.0,205994.0,205994.0,213358.0,217047.0,220576.0,221544.0,223422.0,223422.0,223422.0,230125.0,232219.0,234134.0,235796.0,237815.0,237815.0,237815.0,243632.0,244899.0,247339.0,248765.0,250023.0,250023.0,250023.0,253954.0,256522.0,257004.0,257941.0,259372.0,259372.0,259372.0,263739.0,264608.0,265496.0,266499.0,267337.0,267337.0,267337.0,270242.0,270822.0,271356.0,271903.0,273101.0,273101.0,273101.0,275334.0,276691.0,278184.0,279159.0,279946.0,279946.0,279946.0,282626.0,283128.0,283622.0,284500.0,285330.0,285330.0,285330.0,287396.0,288145.0,288657.0,289392.0,290577.0,290577.0,290577.0,293102.0,293955.0,294328.0,295484.0,296691.0,296691.0,296691.0,299667.0,300565.0,302022.0,303510.0,305210.0,305210.0,305210.0,308439.0,310056.0,310624.0,312468.0,313956.0,313956.0,313956.0,316655.0,317729.0,318767.0,319779.0,321586.0,321586.0,321586.0,324571.0,325689.0,327298.0,328000.0,329062.0,329062.0,329062.0,331401.0,332139.0,332995.0,333732.0,334766.0,334766.0,334766.0,336933.0,337340.0,337961.0,338447.0,339233.0,339233.0,339233.0,340545.0,340962.0,341571.0,342282.0,342718.0
Hawaii,0,0,0,0,0,0,0,0,0,0,0,0,0,0,0,0,0,0,0,0,0,0,0,0,0,0,0,0,0,0,0,0,0,0,0,0,0,0.0,0.0,0.0,0.0,0.0,0.0,0.0,0.0,1.0,1.0,1.0,3.0,2.0,2.0,2.0,4.0,6.0,8.0,10.0,15.0,25.0,36.0,36.0,53.0,56.0,90.0,91.0,95.0,106.0,149.0,149.0,175.0,204.0,224.0,256.0,319.0,351.0,371.0,387.0,410.0,410.0,442.0,442.0,465.0,499.0,504.0,511.0,524.0,530.0,541.0,574.0,580.0,584.0,586.0,592.0,596.0,601.0,605.0,606.0,607.0,609.0,613.0,618.0,619.0,620.0,620.0,621.0,625.0,626.0,629.0,629.0,631.0,632.0,634.0,635.0,638.0,637.0,638.0,639.0,640.0,640.0,641.0,643.0,647.0,642.0,643.0,643.0,643.0,643.0,644.0,647.0,649.0,651.0,652.0,652.0,653.0,653.0,655.0,664.0,673.0,675.0,676.0,682.0,685.0,692.0,706.0,723.0,728.0,736.0,736.0,744.0,762.0,789.0,789.0,814.0,816.0,819.0,835.0,851.0,866.0,872.0,899.0,900.0,917.0,926.0,946.0,975.0,999.0,1023.0,1030.0,1071.0,1094.0,1130.0,1158.0,1200.0,1220.0,1243.0,1264.0,1292.0,1311.0,1334.0,1354.0,1381.0,1393.0,1418.0,1435.0,1490.0,1549.0,1620.0,1683.0,1711.0,1757.0,1865.0,1989.0,2111.0,2197.0,2242.0,2448.0,2591.0,2763.0,2914.0,3115.0,3346.0,3498.0,3638.0,3756.0,3958.0,4312.0,4543.0,4825.0,5042.0,5215.0,5349.0,5609.0,5844.0,6072.0,6356.0,6600.0,6769.0,6984.0,7260.0,7566.0,7830.0,8139.0,8339.0,8472.0,8653.0,8991.0,9202.0,9473.0,9693.0,9855.0,9959.0,10025.0,10123.0,10292.0,10593.0,10722.0,10834.0,10913.0,10978.0,11080.0,11239.0,11376.0,11485.0,11562.0,11618.0,11681.0,11848.0,11938.0,12078.0,12205.0,12303.0,12390.0,12477.0,12597.0,12702.0,12788.0,12921.0,12991.0,13041.0,13124.0,13232.0,13333.0,13494.0,13565.0,13666.0,13708.0,13769.0,13868.0,13958.0,14047.0,14143.0,14225.0,14262.0,14350.0,14427.0,14529.0,14669.0,14758.0,14877.0,14914.0,14978.0,15039.0,15116.0,15216.0,15284.0,15367.0,15444.0,15531.0,15686.0,15785.0,15923.0,16051.0,16179.0,16242.0,16320.0,16437.0,16534.0,16652.0,16759.0,16759.0,16853.0,16905.0,16974.0,17081.0,17199.0,17361.0,17483.0,17596.0,17656.0,17764.0,17881.0,18006.0,18082.0,18138.0,18223.0,18266.0,18342.0,18484.0,18605.0,18738.0,18842.0,18923.0,18976.0,19056.0,19179.0,19315.0,19708.0,19676.0,19975.0,19896.0,20058.0,20231.0,20413.0,20565.0,20817.0,20881.0,20879.0,21015.0,21173.0,21358.0,21432.0,21512.0,21508.0,21609.0,21748.0,22007.0,22397.0,22448.0,22560.0,22602.0,22757.0,22917.0,23400.0,23704.0,23897.0,24045.0,24201.0,24261.0,24352.0,24598.0,24789.0,24969.0,25064.0,25187.0,25195.0,25278.0,25441.0,25658.0,25758.0,25925.0,26019.0,26030.0,26164.0,26263.0,26460.0,26545.0,26596.0,26692.0,26734.0,26814.0,26953.0,27101.0,27192.0,27236.0,27225.0,27254.0,27330.0,27454.0,27541.0,27584.0,27616.0,27637.0,27639.0,27679.0,27777.0,27834.0,27886.0,27968.0,28002.0,28044.0,28093.0,28124.0,28239.0,28369.0,28380.0,28381.0,28423.0,28424.0,28521.0,28650.0,28727.0,28746.0,28784.0,28827.0,28831.0,28943.0,29213.0,29180.0,29219.0,29259.0,29307.0,29397.0,29505.0,29763.0,29765.0,29830.0,29915.0,29916.0,29974.0,30095.0,30265.0,30377.0,30479.0,30579.0,30654.0,30754.0,30867.0,31129.0,31241.0,31337.0,31430.0,31489.0,31565.0,31687.0,31862.0,31975.0,32067.0,32137.0,32200.0,32271.0,32366.0,32548.0,32647.0,32758.0,32823.0,32867.0,32938.0,33035.0,33178.0,33229.0,33351.0,33418.0,33468.0,33537.0,33659.0,33851.0,33970.0,34082.0,34156.0,34234.0,34296.0,34424.0,34469.0
Delaware,0,0,0,0,0,0,0,0,0,0,0,0,0,0,0,0,0,0,0,0,0,0,0,0,0,0,0,0,0,0,0,0,0,0,0,0,0,0.0,0.0,0.0,0.0,0.0,0.0,0.0,0.0,0.0,0.0,0.0,0.0,1.0,1.0,4.0,6.0,6.0,8.0,16.0,19.0,30.0,39.0,45.0,56.0,68.0,104.0,119.0,130.0,163.0,214.0,232.0,264.0,319.0,368.0,393.0,450.0,593.0,673.0,783.0,928.0,1116.0,1209.0,1326.0,1479.0,1625.0,1758.0,1926.0,2014.0,2070.0,2317.0,2538.0,2538.0,2745.0,2931.0,3200.0,3308.0,3442.0,3576.0,4034.0,4162.0,4575.0,4655.0,4734.0,4918.0,5038.0,5208.0,5288.0,5371.0,5778.0,5939.0,6111.0,6277.0,6277.0,6565.0,6741.0,6952.0,7223.0,7373.0,7547.0,7670.0,7869.0,8037.0,8194.0,8386.0,8529.0,8529.0,8809.0,8965.0,9066.0,9096.0,9171.0,9236.0,9422.0,9498.0,9605.0,9685.0,9712.0,9746.0,9773.0,9845.0,9942.0,9972.0,10020.0,10056.0,10106.0,10173.0,10229.0,10264.0,10340.0,10403.0,10444.0,10499.0,10611.0,10681.0,10775.0,10820.0,10847.0,10889.0,10980.0,11017.0,11091.0,11226.0,11376.0,11474.0,11510.0,11731.0,11923.0,11996.0,12128.0,12293.0,12414.0,12462.0,12531.0,12652.0,12743.0,12804.0,12879.0,12969.0,13050.0,13114.0,13337.0,13429.0,13519.0,13624.0,13746.0,13792.0,13924.0,14202.0,14175.0,14290.0,14406.0,14476.0,14602.0,14689.0,14788.0,14877.0,14949.0,15055.0,15137.0,15296.0,15365.0,15445.0,15502.0,15575.0,15634.0,15699.0,15765.0,15967.0,16340.0,16396.0,16451.0,16536.0,16593.0,16643.0,16718.0,16770.0,16828.0,16895.0,16942.0,16962.0,16986.0,16976.0,17083.0,17349.0,17343.0,17429.0,17535.0,17549.0,17653.0,17752.0,17892.0,18043.0,18249.0,18308.0,18308.0,18466.0,18559.0,18726.0,18849.0,18937.0,19137.0,19234.0,19318.0,19366.0,19449.0,19566.0,19667.0,19761.0,19830.0,19947.0,20085.0,20156.0,20260.0,20389.0,20531.0,20613.0,20787.0,20937.0,21125.0,21243.0,21363.0,21466.0,21550.0,21682.0,21827.0,21998.0,22130.0,22289.0,22394.0,22465.0,22560.0,22724.0,22942.0,23093.0,23196.0,23325.0,23375.0,23528.0,23687.0,23847.0,23961.0,24168.0,24249.0,24392.0,24553.0,24751.0,24951.0,25126.0,25311.0,25426.0,25534.0,25753.0,26035.0,26258.0,26603.0,26908.0,27112.0,27342.0,27546.0,28016.0,28395.0,28803.0,29200.0,29552.0,29755.0,30153.0,30816.0,31321.0,31808.0,32211.0,32664.0,32995.0,33579.0,34170.0,34670.0,35251.0,35654.0,36343.0,36698.0,37456.0,38398.0,39096.0,39912.0,40711.0,41464.0,42393.0,43036.0,43818.0,44876.0,45460.0,46457.0,47142.0,47929.0,48768.0,49109.0,50136.0,50616.0,51056.0,51623.0,52235.0,53015.0,53653.0,54473.0,55057.0,55488.0,56189.0,56596.0,57456.0,58064.0,58873.0,59484.0,60333.0,61100.0,61729.0,62949.0,63503.0,64475.0,65273.0,65827.0,66446.0,67173.0,68065.0,68727.0,69372.0,70294.0,70910.0,71311.0,71775.0,72523.0,73233.0,73915.0,74575.0,75191.0,75490.0,75832.0,76495.0,76935.0,77551.0,78071.0,78495.0,78696.0,78982.0,79225.0,79546.0,79832.0,80594.0,80931.0,81210.0,81461.0,81875.0,82263.0,82672.0,83003.0,83239.0,83369.0,83581.0,83852.0,84181.0,84531.0,84732.0,85090.0,85228.0,85506.0,85801.0,86098.0,86517.0,86799.0,87080.0,87193.0,87425.0,87643.0,87874.0,88139.0,88354.0,88563.0,88679.0,88891.0,89680.0,89911.0,90156.0,90381.0,90614.0,90751.0,91123.0,91425.0,91635.0,91942.0,92287.0,92429.0,92609.0,92819.0,93038.0,93325.0,93701.0,94062.0,94402.0,94573.0,94802.0,95188.0,95590.0,96077.0,96376.0,96577.0,96806.0,97042.0,97404.0,97784.0,98203.0,98570.0,98925.0,99135.0,99515.0,99915.0,100322.0,100777.0,101158.0,101547.0,101707.0,101993.0,102267.0,102593.0,102927.0,103222.0,103459.0,103603.0,103844.0,104038.0,104405.0,104621.0,104909.0,105067.0,105204.0,105401.0,105572.0,105775.0
District of Columbia,0,0,0,0,0,0,0,0,0,0,0,0,0,0,0,0,0,0,0,0,0,0,0,0,0,0,0,0,0,0,0,0,0,0,0,0,0,0.0,0.0,0.0,0.0,0.0,0.0,0.0,0.0,0.0,0.0,0.0,0.0,0.0,0.0,0.0,0.0,0.0,22.0,22.0,31.0,40.0,71.0,98.0,102.0,120.0,141.0,187.0,231.0,271.0,304.0,342.0,401.0,495.0,586.0,653.0,757.0,902.0,1002.0,1097.0,1211.0,1440.0,1523.0,1660.0,1778.0,1875.0,1955.0,2058.0,2197.0,2350.0,2476.0,2666.0,2793.0,2927.0,3098.0,3206.0,3361.0,3528.0,3699.0,3841.0,3892.0,3994.0,4106.0,4323.0,4658.0,4797.0,5016.0,5170.0,5322.0,5461.0,5654.0,5899.0,6102.0,6272.0,6389.0,6485.0,6584.0,6736.0,6871.0,7042.0,7123.0,7270.0,7434.0,7551.0,7788.0,7893.0,7966.0,8110.0,8225.0,8334.0,8406.0,8492.0,8538.0,8717.0,8801.0,8857.0,8886.0,9016.0,9120.0,9199.0,9269.0,9332.0,9389.0,9474.0,9537.0,9589.0,9654.0,9709.0,9767.0,9799.0,9818.0,9847.0,9903.0,9952.0,9984.0,10020.0,10058.0,10094.0,10128.0,10159.0,10185.0,10216.0,10248.0,10292.0,10327.0,10365.0,10390.0,10435.0,10447.0,10482.0,10515.0,10569.0,10642.0,10679.0,10743.0,10801.0,10847.0,10906.0,10946.0,11026.0,11076.0,11115.0,11194.0,11261.0,11339.0,11427.0,11529.0,11571.0,11649.0,11717.0,11780.0,11858.0,11945.0,11999.0,12057.0,12126.0,12205.0,12274.0,12313.0,12398.0,12443.0,12518.0,12589.0,12653.0,12753.0,12807.0,12896.0,12959.0,13024.0,13118.0,13159.0,13220.0,13273.0,13325.0,13354.0,13409.0,13469.0,13534.0,13590.0,13639.0,13684.0,13684.0,13794.0,13851.0,13925.0,13959.0,13992.0,14049.0,14077.0,14135.0,14186.0,14238.0,14279.0,14315.0,14362.0,14387.0,14412.0,14493.0,14493.0,14592.0,14622.0,14687.0,14743.0,14790.0,14852.0,14902.0,14955.0,14978.0,15021.0,15050.0,15106.0,15163.0,15215.0,15250.0,15264.0,15300.0,15326.0,15358.0,15423.0,15473.0,15519.0,15547.0,15652.0,15652.0,15765.0,15843.0,15918.0,15984.0,16022.0,16068.0,16132.0,16166.0,16255.0,16334.0,16370.0,16395.0,16445.0,16498.0,16537.0,16609.0,16706.0,16767.0,16812.0,16906.0,16973.0,17074.0,17144.0,17266.0,17369.0,17438.0,17524.0,17601.0,17682.0,17792.0,17891.0,18001.0,18087.0,18173.0,18379.0,18507.0,18666.0,18814.0,18977.0,19064.0,19309.0,19465.0,19678.0,19808.0,19961.0,20151.0,20290.0,20409.0,20516.0,20736.0,20937.0,21308.0,21448.0,21552.0,21685.0,21842.0,22164.0,22480.0,22872.0,23136.0,23319.0,23589.0,23854.0,24098.0,24357.0,24643.0,24874.0,25038.0,25339.0,25602.0,25830.0,26104.0,26342.0,26601.0,26740.0,26900.0,27226.0,27436.0,27436.0,27710.0,28202.0,28342.0,28535.0,28758.0,28983.0,29252.0,29509.0,29764.0,29904.0,30166.0,30482.0,30750.0,31107.0,31457.0,31791.0,31993.0,32423.0,32600.0,32820.0,33140.0,33537.0,33851.0,34033.0,34259.0,34403.0,34612.0,34905.0,35077.0,35301.0,35505.0,35700.0,35865.0,36132.0,36414.0,36662.0,36872.0,37008.0,37008.0,37199.0,37365.0,37634.0,37877.0,38035.0,38136.0,38281.0,38348.0,38533.0,38670.0,38796.0,38918.0,39001.0,39131.0,39180.0,39301.0,39461.0,39553.0,39648.0,39755.0,39844.0,39943.0,40122.0,40284.0,40478.0,40598.0,40684.0,40767.0,40818.0,41014.0,41122.0,41273.0,41419.0,41579.0,41910.0,42006.0,42128.0,42282.0,42432.0,42511.0,42623.0,42730.0,42811.0,42892.0,43034.0,43175.0,43229.0,43383.0,43488.0,43595.0,43669.0,43825.0,44051.0,44175.0,44248.0,44413.0,44513.0,44656.0,44807.0,44932.0,45037.0,45112.0,45234.0,45328.0,45498.0,45634.0,45762.0,45830.0,45903.0,46016.0,46209.0,46315.0,46449.0,46579.0,46662.0,46740.0,46869.0,46941.0,47040.0,47141.0,47219.0,47323.0,47378.0,47471.0,47533.0,47614.0,47697.0,47697.0,47800.0,47903.0,47986.0,48041.0,48080.0,48136.0
Diamond Princess,0,0,0,0,0,0,0,0,0,0,0,0,0,0,0,0,0,0,0,0,0,0,0,0,0,0,0,0,0,0,0,0,0,0,0,0,0,0.0,0.0,0.0,0.0,0.0,0.0,0.0,0.0,0.0,0.0,0.0,0.0,0.0,0.0,0.0,0.0,0.0,0.0,47.0,47.0,47.0,49.0,49.0,49.0,49.0,49.0,49.0,49.0,49.0,49.0,49.0,49.0,49.0,49.0,49.0,49.0,49.0,49.0,49.0,49.0,49.0,49.0,49.0,49.0,49.0,49.0,49.0,49.0,49.0,49.0,49.0,49.0,49.0,49.0,49.0,49.0,49.0,49.0,49.0,49.0,49.0,49.0,49.0,49.0,49.0,49.0,49.0,49.0,49.0,49.0,49.0,49.0,49.0,49.0,49.0,49.0,49.0,49.0,49.0,49.0,49.0,49.0,49.0,49.0,49.0,49.0,49.0,49.0,49.0,49.0,49.0,49.0,49.0,49.0,49.0,49.0,49.0,49.0,49.0,49.0,49.0,49.0,49.0,49.0,49.0,49.0,49.0,49.0,49.0,49.0,49.0,49.0,49.0,49.0,49.0,49.0,49.0,49.0,49.0,49.0,49.0,49.0,49.0,49.0,49.0,49.0,49.0,49.0,49.0,49.0,49.0,49.0,49.0,49.0,49.0,49.0,49.0,49.0,49.0,49.0,49.0,49.0,49.0,49.0,49.0,49.0,49.0,49.0,49.0,49.0,49.0,49.0,49.0,49.0,49.0,49.0,49.0,49.0,49.0,49.0,49.0,49.0,49.0,49.0,49.0,49.0,49.0,49.0,49.0,49.0,49.0,49.0,49.0,49.0,49.0,49.0,49.0,49.0,49.0,49.0,49.0,49.0,49.0,49.0,49.0,49.0,49.0,49.0,49.0,49.0,49.0,49.0,49.0,49.0,49.0,49.0,49.0,49.0,49.0,49.0,49.0,49.0,49.0,49.0,49.0,49.0,49.0,49.0,49.0,49.0,49.0,49.0,49.0,49.0,49.0,49.0,49.0,49.0,49.0,49.0,49.0,49.0,49.0,49.0,49.0,49.0,49.0,49.0,49.0,49.0,49.0,49.0,49.0,49.0,49.0,49.0,49.0,49.0,49.0,49.0,49.0,49.0,49.0,49.0,49.0,49.0,49.0,49.0,49.0,49.0,49.0,49.0,49.0,49.0,49.0,49.0,49.0,49.0,49.0,49.0,49.0,49.0,49.0,49.0,49.0,49.0,49.0,49.0,49.0,49.0,49.0,49.0,49.0,49.0,49.0,49.0,49.0,49.0,49.0,49.0,49.0,49.0,49.0,49.0,49.0,49.0,49.0,49.0,49.0,49.0,49.0,49.0,49.0,49.0,49.0,49.0,49.0,49.0,49.0,49.0,49.0,49.0,49.0,49.0,49.0,49.0,49.0,49.0,49.0,49.0,49.0,49.0,49.0,49.0,49.0,49.0,49.0,49.0,49.0,49.0,49.0,49.0,49.0,49.0,49.0,49.0,49.0,49.0,49.0,49.0,49.0,49.0,49.0,49.0,49.0,49.0,49.0,49.0,49.0,49.0,49.0,49.0,49.0,49.0,49.0,49.0,49.0,49.0,49.0,49.0,49.0,49.0,49.0,49.0,49.0,49.0,49.0,49.0,49.0,49.0,49.0,49.0,49.0,49.0,49.0,49.0,49.0,49.0,49.0,49.0,49.0,49.0,49.0,49.0,49.0,49.0,49.0,49.0,49.0,49.0,49.0,49.0,49.0,49.0,49.0,49.0,49.0,49.0,49.0,49.0,49.0,49.0,49.0,49.0,49.0,49.0,49.0,49.0,49.0,49.0,49.0,49.0,49.0,49.0,49.0,49.0,49.0,49.0,49.0,49.0,49.0,49.0,49.0,49.0,49.0,49.0,49.0,49.0,49.0,49.0,49.0,49.0,49.0,49.0,49.0,49.0,49.0,49.0,49.0,49.0,49.0,49.0,49.0,49.0,49.0
Grand Princess,0,0,0,0,0,0,0,0,0,0,0,0,0,0,0,0,0,0,0,0,0,0,0,0,0,0,0,0,0,0,0,0,0,0,0,0,0,0.0,0.0,0.0,0.0,0.0,0.0,0.0,0.0,0.0,0.0,0.0,0.0,0.0,0.0,0.0,0.0,0.0,20.0,21.0,21.0,22.0,23.0,23.0,30.0,28.0,28.0,28.0,28.0,28.0,103.0,103.0,103.0,103.0,103.0,103.0,103.0,103.0,103.0,103.0,103.0,103.0,103.0,103.0,103.0,103.0,103.0,103.0,103.0,103.0,103.0,103.0,103.0,103.0,103.0,103.0,103.0,103.0,103.0,103.0,103.0,103.0,103.0,103.0,103.0,103.0,103.0,103.0,103.0,103.0,103.0,103.0,103.0,103.0,103.0,103.0,103.0,103.0,103.0,103.0,103.0,103.0,103.0,103.0,103.0,103.0,103.0,103.0,103.0,103.0,103.0,103.0,103.0,103.0,103.0,103.0,103.0,103.0,103.0,103.0,103.0,103.0,103.0,103.0,103.0,103.0,103.0,103.0,103.0,103.0,103.0,103.0,103.0,103.0,103.0,103.0,103.0,103.0,103.0,103.0,103.0,103.0,103.0,103.0,103.0,103.0,103.0,103.0,103.0,103.0,103.0,103.0,103.0,103.0,103.0,103.0,103.0,103.0,103.0,103.0,103.0,103.0,103.0,103.0,103.0,103.0,103.0,103.0,103.0,103.0,103.0,103.0,103.0,103.0,103.0,103.0,103.0,103.0,103.0,103.0,103.0,103.0,103.0,103.0,103.0,103.0,103.0,103.0,103.0,103.0,103.0,103.0,103.0,103.0,103.0,103.0,103.0,103.0,103.0,103.0,103.0,103.0,103.0,103.0,103.0,103.0,103.0,103.0,103.0,103.0,103.0,103.0,103.0,103.0,103.0,103.0,103.0,103.0,103.0,103.0,103.0,103.0,103.0,103.0,103.0,103.0,103.0,103.0,103.0,103.0,103.0,103.0,103.0,103.0,103.0,103.0,103.0,103.0,103.0,103.0,103.0,103.0,103.0,103.0,103.0,103.0,103.0,103.0,103.0,103.0,103.0,103.0,103.0,103.0,103.0,103.0,103.0,103.0,103.0,103.0,103.0,103.0,103.0,103.0,103.0,103.0,103.0,103.0,103.0,103.0,103.0,103.0,103.0,103.0,103.0,103.0,103.0,103.0,103.0,103.0,103.0,103.0,103.0,103.0,103.0,103.0,103.0,103.0,103.0,103.0,103.0,103.0,103.0,103.0,103.0,103.0,103.0,103.0,103.0,103.0,103.0,103.0,103.0,103.0,103.0,103.0,103.0,103.0,103.0,103.0,103.0,103.0,103.0,103.0,103.0,103.0,103.0,103.0,103.0,103.0,103.0,103.0,103.0,103.0,103.0,103.0,103.0,103.0,103.0,103.0,103.0,103.0,103.0,103.0,103.0,103.0,103.0,103.0,103.0,103.0,103.0,103.0,103.0,103.0,103.0,103.0,103.0,103.0,103.0,103.0,103.0,103.0,103.0,103.0,103.0,103.0,103.0,103.0,103.0,103.0,103.0,103.0,103.0,103.0,103.0,103.0,103.0,103.0,103.0,103.0,103.0,103.0,103.0,103.0,103.0,103.0,103.0,103.0,103.0,103.0,103.0,103.0,103.0,103.0,103.0,103.0,103.0,103.0,103.0,103.0,103.0,103.0,103.0,103.0,103.0,103.0,103.0,103.0,103.0,103.0,103.0,103.0,103.0,103.0,103.0,103.0,103.0,103.0,103.0,103.0,103.0,103.0,103.0,103.0,103.0,103.0,103.0,103.0,103.0,103.0,103.0,103.0,103.0,103.0,103.0,103.0,103.0,103.0,103.0,103.0,103.0,103.0,103.0,103.0,103.0,103.0,103.0,103.0,103.0,103.0,103.0,103.0,103.0,103.0,103.0,103.0,103.0,103.0,103.0,103.0,103.0,103.0,103.0,103.0,103.0,103.0
American Samoa,0,0,0,0,0,0,0,0,0,0,0,0,0,0,0,0,0,0,0,0,0,0,0,0,0,0,0,0,0,0,0,0,0,0,0,0,0,0.0,0.0,0.0,0.0,0.0,0.0,0.0,0.0,0.0,0.0,0.0,0.0,0.0,0.0,0.0,0.0,0.0,0.0,0.0,0.0,0.0,0.0,0.0,0.0,0.0,0.0,0.0,0.0,0.0,0.0,0.0,0.0,0.0,0.0,0.0,0.0,0.0,0.0,0.0,0.0,0.0,0.0,0.0,0.0,0.0,0.0,0.0,0.0,0.0,0.0,0.0,0.0,0.0,0.0,0.0,0.0,0.0,0.0,0.0,0.0,0.0,0.0,0.0,0.0,0.0,0.0,0.0,0.0,0.0,0.0,0.0,0.0,0.0,0.0,0.0,0.0,0.0,0.0,0.0,0.0,0.0,0.0,0.0,0.0,0.0,0.0,0.0,0.0,0.0,0.0,0.0,0.0,0.0,0.0,0.0,0.0,0.0,0.0,0.0,0.0,0.0,0.0,0.0,0.0,0.0,0.0,0.0,0.0,0.0,0.0,0.0,0.0,0.0,0.0,0.0,0.0,0.0,0.0,0.0,0.0,0.0,0.0,0.0,0.0,0.0,0.0,0.0,0.0,0.0,0.0,0.0,0.0,0.0,0.0,0.0,0.0,0.0,0.0,0.0,0.0,0.0,0.0,0.0,0.0,0.0,0.0,0.0,0.0,0.0,0.0,0.0,0.0,0.0,0.0,0.0,0.0,0.0,0.0,0.0,0.0,0.0,0.0,0.0,0.0,0.0,0.0,0.0,0.0,0.0,0.0,0.0,0.0,0.0,0.0,0.0,0.0,0.0,0.0,0.0,0.0,0.0,0.0,0.0,0.0,0.0,0.0,0.0,0.0,0.0,0.0,0.0,0.0,0.0,0.0,0.0,0.0,0.0,0.0,0.0,0.0,0.0,0.0,0.0,0.0,0.0,0.0,0.0,0.0,0.0,0.0,0.0,0.0,0.0,0.0,0.0,0.0,0.0,0.0,0.0,0.0,0.0,0.0,0.0,0.0,0.0,0.0,0.0,0.0,0.0,0.0,0.0,0.0,0.0,0.0,0.0,0.0,0.0,0.0,0.0,0.0,0.0,0.0,0.0,0.0,0.0,0.0,0.0,0.0,0.0,0.0,0.0,0.0,0.0,0.0,0.0,0.0,0.0,0.0,0.0,0.0,0.0,0.0,0.0,0.0,0.0,0.0,0.0,0.0,0.0,0.0,0.0,0.0,0.0,0.0,0.0,0.0,0.0,0.0,0.0,0.0,0.0,0.0,0.0,0.0,0.0,0.0,0.0,0.0,0.0,0.0,0.0,0.0,0.0,0.0,0.0,0.0,0.0,0.0,0.0,0.0,0.0,0.0,0.0,0.0,0.0,0.0,0.0,0.0,0.0,0.0,0.0,0.0,0.0,0.0,0.0,0.0,0.0,0.0,0.0,0.0,0.0,0.0,0.0,0.0,0.0,0.0,0.0,0.0,0.0,0.0,0.0,0.0,0.0,0.0,0.0,0.0,0.0,0.0,0.0,0.0,0.0,0.0,0.0,0.0,0.0,0.0,0.0,0.0,0.0,0.0,0.0,0.0,0.0,0.0,0.0,0.0,0.0,0.0,0.0,0.0,0.0,0.0,0.0,0.0,0.0,0.0,0.0,0.0,0.0,0.0,0.0,0.0,0.0,0.0,0.0,0.0,0.0,0.0,0.0,0.0,0.0,0.0,0.0,0.0,0.0,0.0,0.0,0.0,0.0,0.0,0.0,0.0,0.0,0.0,0.0,0.0,0.0,0.0,0.0,0.0,0.0,0.0,0.0,0.0,0.0,0.0,0.0,0.0,0.0,0.0,0.0,0.0,0.0,0.0,0.0,0.0,0.0,0.0,0.0,0.0,0.0,0.0,0.0,0.0,0.0,0.0,0.0,0.0,0.0,0.0,0.0,0.0,0.0,0.0,0.0
Guam,0,0,0,0,0,0,0,0,0,0,0,0,0,0,0,0,0,0,0,0,0,0,0,0,0,0,0,0,0,0,0,0,0,0,0,0,0,0.0,0.0,0.0,0.0,0.0,0.0,0.0,0.0,0.0,0.0,0.0,0.0,0.0,0.0,0.0,0.0,0.0,3.0,3.0,5.0,12.0,14.0,15.0,27.0,29.0,32.0,37.0,45.0,51.0,55.0,56.0,58.0,69.0,77.0,82.0,84.0,93.0,112.0,113.0,121.0,121.0,128.0,130.0,133.0,133.0,133.0,133.0,135.0,135.0,136.0,136.0,136.0,136.0,136.0,136.0,139.0,141.0,141.0,141.0,141.0,141.0,141.0,145.0,145.0,145.0,145.0,145.0,145.0,149.0,149.0,151.0,151.0,151.0,151.0,152.0,152.0,152.0,154.0,154.0,154.0,154.0,154.0,154.0,165.0,165.0,165.0,166.0,166.0,167.0,170.0,171.0,172.0,172.0,172.0,175.0,175.0,177.0,179.0,179.0,179.0,179.0,179.0,180.0,180.0,183.0,183.0,183.0,183.0,185.0,186.0,188.0,192.0,200.0,222.0,222.0,222.0,225.0,226.0,231.0,247.0,247.0,247.0,253.0,257.0,267.0,280.0,280.0,280.0,280.0,301.0,303.0,307.0,309.0,310.0,312.0,312.0,312.0,312.0,313.0,314.0,314.0,315.0,315.0,319.0,327.0,330.0,332.0,337.0,337.0,337.0,349.0,351.0,354.0,356.0,356.0,359.0,368.0,375.0,389.0,397.0,411.0,411.0,412.0,418.0,418.0,434.0,449.0,477.0,502.0,516.0,516.0,558.0,577.0,599.0,704.0,767.0,767.0,820.0,907.0,984.0,1120.0,1232.0,1287.0,1347.0,1347.0,1395.0,1447.0,1494.0,1560.0,1619.0,1671.0,1671.0,1671.0,1713.0,1758.0,1846.0,1863.0,1891.0,1891.0,1927.0,1966.0,2013.0,2045.0,2074.0,2117.0,2117.0,2147.0,2190.0,2235.0,2263.0,2263.0,2354.0,2354.0,2390.0,2443.0,2488.0,2550.0,2617.0,2699.0,2699.0,2753.0,2818.0,2868.0,2934.0,2989.0,3056.0,3170.0,3170.0,3266.0,3341.0,3427.0,3538.0,3617.0,3675.0,3756.0,3886.0,3968.0,4056.0,4141.0,4175.0,4216.0,4336.0,4418.0,4466.0,4549.0,4628.0,4681.0,4690.0,4693.0,4812.0,4903.0,5004.0,5077.0,5113.0,5233.0,5473.0,5654.0,5755.0,5850.0,5924.0,5965.0,6121.0,6175.0,6234.0,6346.0,6416.0,6452.0,6476.0,6549.0,6602.0,6655.0,6705.0,6748.0,6768.0,6782.0,6818.0,6852.0,6889.0,6920.0,6942.0,6959.0,6959.0,6959.0,7019.0,7019.0,7039.0,7052.0,7079.0,7079.0,7079.0,7137.0,7149.0,7168.0,7183.0,7193.0,7193.0,7193.0,7211.0,7238.0,7257.0,7266.0,7268.0,7268.0,7266.0,7281.0,7293.0,7308.0,7308.0,7326.0,7326.0,7326.0,7344.0,7357.0,7378.0,7386.0,7399.0,7399.0,7399.0,7423.0,7429.0,7444.0,7457.0,7474.0,7474.0,7474.0,7474.0,7515.0,7521.0,7521.0,7547.0,7547.0,7547.0,7554.0,7566.0,7568.0,7572.0,7579.0,7579.0,7579.0,7608.0,7610.0,7618.0,7622.0,7636.0,7636.0,7636.0,7664.0,7673.0,7673.0,7686.0,7689.0,7689.0,7689.0,7699.0,7701.0,7703.0,7705.0,7715.0,7715.0,7715.0,7727.0,7727.0,7729.0,7729.0,7734.0,7735.0,7736.0,7737.0,7742.0,7745.0,7747.0,7748.0,7749.0,7749.0,7751.0,7752.0,7756.0,7758.0,7768.0,7768.0,7768.0,7773.0,7773.0,7776.0,7780.0,7780.0,7780.0,7780.0,7784.0,7789.0,7789.0,7794.0,7797.0,7800.0,7800.0,7804.0,7805.0,7807.0,7810.0,7812.0,7816.0,7816.0,7823.0,7825.0,7828.0,7830.0,7833.0,7835.0,7837.0,7842.0,7847.0,7851.0,7856.0,7859.0,7865.0,7869.0,7879.0,7884.0,7897.0,7909.0,7911.0,7915.0,7915.0,7923.0,7939.0,7951.0,7959.0,7964.0,7975.0,7981.0,7989.0,8004.0,8016.0,8020.0,8034.0
